=== Q-REMEDIATE-FLASHREADY independent host aggregator ===
ROOT=/mnt/Big-Storage/GuardTalk/GrapheneOS-worktree
LIVE_DEVICE_CLAIMED=false
Q-ONDEVICE=not started
USB_GO=not started
M_BUILD=not started
FLASH=not started

--- suite inventory ---
RUN vendor/guardtalk/docs/qa/verify_remediate_b1_avb_host.sh
RUN vendor/guardtalk/docs/qa/verify_remediate_b1_duress_usb_host.sh
RUN vendor/guardtalk/docs/qa/verify_remediate_b1_userbuild_host.sh
RUN vendor/guardtalk/docs/qa/verify_remediate_b2_apex_host.sh
RUN vendor/guardtalk/docs/qa/verify_remediate_b2_excise_host.sh
RUN vendor/guardtalk/docs/qa/verify_remediate_b2_lms_host.sh
RUN vendor/guardtalk/docs/qa/verify_remediate_b2_ltz_host.sh
RUN vendor/guardtalk/docs/qa/verify_remediate_b2_telemetry_host.sh
RUN vendor/guardtalk/docs/qa/verify_remediate_b2_yama_host.sh
RUN vendor/guardtalk/docs/qa/verify_remediate_b3_sensors_host.sh
RUN vendor/guardtalk/docs/qa/verify_remediate_b3_validator_host.sh
RUN vendor/guardtalk/docs/qa/verify_remediate_b3_viewer_host.sh
RUN vendor/guardtalk/docs/qa/verify_remediate_b4_checkin_host.sh
RUN vendor/guardtalk/docs/qa/verify_remediate_b4_messenger_host.sh
RUN vendor/guardtalk/docs/qa/verify_remediate_b4_messenger_ux_host.sh
RUN vendor/guardtalk/docs/qa/verify_remediate_b4_wifi_gw_host.sh
RUN vendor/guardtalk/docs/qa/verify_remediate_b5_bootzip_host.sh
RUN vendor/guardtalk/docs/qa/verify_remediate_b5_branding_host.sh
RUN vendor/guardtalk/docs/qa/verify_remediate_b5_defaults_host.sh
RUN vendor/guardtalk/docs/qa/verify_remediate_b5_mtp_host.sh
RUN vendor/guardtalk/docs/qa/verify_remediate_b2_kernel_static.sh
RUN vendor/guardtalk/docs/qa/verify_sec_p5_static.sh
RUN vendor/guardtalk/docs/qa/verify_brand_sweep_static.sh
SKIP vendor/guardtalk/docs/qa/verify_remediate_b1_ondevice.sh
SKIP vendor/guardtalk/docs/qa/verify_remediate_b2_ondevice.sh
SKIP vendor/guardtalk/docs/qa/verify_remediate_b3_osux_device.sh (not *_host.sh)

======== BEGIN verify_remediate_b1_avb_host ========
=== Q-REMEDIATE-B1-AVB independent rematch (item 4) ===
ROOT=/mnt/Big-Storage/GuardTalk/GrapheneOS-worktree
LIVE_DEVICE_CLAIMED=false
Q-ONDEVICE=not started
BLOCK2_Q=not started
USB_GO=not started
LOCK_54111FDAS000GN=not started
GREEN=HOLD (do not invent)

--- required files ---
PASS: present: vendor/guardtalk/device/komodo/BoardConfig-excised-late.mk
PASS: present: vendor/guardtalk/device/komodo/guardtalk-production-hardening.mk
PASS: present: vendor/guardtalk/device/komodo/REGEN_HOOKS.md
PASS: present: vendor/guardtalk/branding/signing-keys/RUNBOOK.md
PASS: present: vendor/guardtalk/docs/PRODUCTION_HARDENING_POLICY.md
PASS: present: vendor/guardtalk/branding/signing-keys/.gitignore
PASS: present: frameworks/base/services/core/java/com/android/server/policy/keyguard/UsbPortSecurityHooks.java
PASS: present: vendor/google_devices/komodo/BoardConfig.mk
PASS: present: build/make/core/Makefile
PASS: present: vendor/guardtalk/docs/SECURITY_FASTBOOT_PROT_REPORT.md

--- packet rg (BOARD_AVB_KEY_PATH / BOARD_AVB_ALGORITHM) ---
vendor/guardtalk/device/komodo/BoardConfig-excised-late.mk:18:# BOARD_AVB_KEY_PATH is unset). Operator-owned key material stays offline.
vendor/guardtalk/device/komodo/BoardConfig-excised-late.mk:20:#   BOARD_AVB_KEY_PATH=/mnt/secure/keys/guardtalk/avb.pem
vendor/guardtalk/device/komodo/BoardConfig-excised-late.mk:27:BOARD_AVB_ALGORITHM := SHA256_RSA4096
vendor/guardtalk/device/komodo/BoardConfig-excised-late.mk:28:BOARD_AVB_KEY_PATH ?= vendor/guardtalk/branding/signing-keys/avb.pem
vendor/guardtalk/device/komodo/guardtalk-production-hardening.mk:18:# AVB (T-REMEDIATE-B1-AVB): user BoardConfig sets BOARD_AVB_KEY_PATH to
vendor/guardtalk/device/komodo/REGEN_HOOKS.md:15:`BoardConfig-excised-late.mk` also sets user-only `BOARD_AVB_KEY_PATH` /
vendor/guardtalk/device/komodo/REGEN_HOOKS.md:16:`BOARD_AVB_ALGORITHM` (T-REMEDIATE-B1-AVB). Re-apply the include after

--- packet rg (USB duress + green gate) ---
551:            "vendor.guardtalk.usb_duress_wipe.enabled";
557:     *   1. {@code vendor.guardtalk.usb_duress_wipe.enabled} == 1

--- packet find (pem/pk8) ---
PASS: no *.pem / *.pk8 under vendor/guardtalk

--- avb.pem must be ABSENT ---
PASS: test ! -f vendor/guardtalk/branding/signing-keys/avb.pem (ABSENT as required)

--- git index must not contain pem/pk8 ---
PASS: git ls-files: no pem/pk8/avb.pem under vendor/guardtalk

--- static BoardConfig / docs / USB ---
PASS: late BoardConfig sets SHA256_RSA4096
PASS: late BoardConfig default path is project avb.pem (not AOSP testkey)
PASS: late BoardConfig AVB is user-gated
PASS: vendor/google_devices/komodo/BoardConfig.mk includes late mk
PASS: device/google/komodo absent (pointer lives in vendor/guardtalk late mk)
PASS: late BoardConfig assignment is not AOSP testkey_rsa4096
PASS: AOSP Makefile still has testkey fallback when BOARD_AVB_KEY_PATH unset
PASS: RUNBOOK §12 komodo section exists
PASS: RUNBOOK §12c komodo lock procedure exists
PASS: RUNBOOK documents fastboot flashing lock
PASS: RUNBOOK names production-custody serial 54111FDAS000GN
PASS: RUNBOOK forbids locking 54111FDAS000GN without operator GO
PASS: RUNBOOK §12d documents Pixel truth vs operator goal
PASS: RUNBOOK documents custom-key lock reports yellow
PASS: RUNBOOK documents green HOLD for project key
PASS: RUNBOOK does not claim green as achieved
PASS: POLICY Verified Boot row documents yellow HOLD vs green
PASS: POLICY does not claim green as achieved
PASS: SECURITY_FASTBOOT_PROT_REPORT.md §4.1: custom-key is not green
PASS: SECURITY_FASTBOOT_PROT_REPORT.md §4.1: yellow is custom-key locked state
PASS: signing-keys .gitignore covers *.pem
PASS: signing-keys .gitignore covers *.pk8
PASS: signing-keys .gitignore covers avb.pem
PASS: USB duress flag default is "0" (opt-in)
FAIL: isVerifiedBootGreen still requires verifiedbootstate=green (pattern missing in frameworks/base/services/core/java/com/android/server/policy/keyguard/UsbPortSecurityHooks.java)
FAIL: NEGATIVE HIT: USB duress default-on in product files: vendor/guardtalk/device/komodo/guardtalk-production-hardening.mk:48:    vendor.guardtalk.usb_duress_wipe.enabled=1
PASS: komodo device tree does not PRODUCT-lie verifiedbootstate=green

--- python structural rematch ---
PASS: AVB algorithm+path are inside the user ifeq/endif (not userdebug)
PASS: no BOARD_AVB_* assignments outside the user ifeq
PASS: late mk product path is not AOSP testkey
PASS: AOSP Makefile fallback to testkey_rsa4096.pem still present when unset
PASS: RUNBOOK §12 + §12c lock + do-not-lock serial
PASS: RUNBOOK documents yellow as Pixel custom-key truth; green not claimed
PASS: POLICY documents yellow Pixel truth and HOLD green
PASS: hardening.mk does not PRODUCT-force verifiedbootstate
FAIL: USB gate drifted flag=True green=False maybe=True
PASS: USB duress default is not "1"
PY_COUNTS PASS_COUNT=9 FAIL_COUNT=1 HOLD_COUNT=0
FAIL: python structural rematch exit 1

--- lunch komodo-trunk_staging-user (independent; do not skip) ---
export BUILD_DATETIME=1782971948 BUILD_NUMBER=eng.openst
============================================
Commands from vendor/google_devices/komodo/cmds-for-envsetup.sh:
export BUILD_ID_komodo="BP4A.260205.002"
unset PLATFORM_SECURITY_PATCH_komodo
============================================
16:26:03 Build sandboxing disabled due to nsjail error.

============================================
PLATFORM_VERSION_CODENAME=Baklava
PLATFORM_VERSION=Baklava
TARGET_PRODUCT=komodo
TARGET_BUILD_VARIANT=user
TARGET_ARCH=arm64
TARGET_ARCH_VARIANT=armv9-a
TARGET_CPU_VARIANT=cortex-a76
HOST_OS=linux
HOST_OS_EXTRA=Linux-6.8.0-138-generic-x86_64-Ubuntu-24.04.4-LTS
BUILD_ID=BP4A.260205.002
PLATFORM_SECURITY_PATCH=2026-02-05
OUT_DIR=out
SOONG_ONLY=false
============================================
PASS: lunch komodo-trunk_staging-user exit 0
16:26:10 Build sandboxing disabled due to nsjail error.
16:26:15 Build sandboxing disabled due to nsjail error.
16:26:21 Build sandboxing disabled due to nsjail error.
16:26:27 Build sandboxing disabled due to nsjail error.
16:26:33 Build sandboxing disabled due to nsjail error.
16:26:39 Build sandboxing disabled due to nsjail error.
16:26:45 Build sandboxing disabled due to nsjail error.
16:26:51 Build sandboxing disabled due to nsjail error.
16:26:57 Build sandboxing disabled due to nsjail error.
16:27:05 Build sandboxing disabled due to nsjail error.
TARGET_PRODUCT=komodo
TARGET_BUILD_VARIANT=user
TARGET_BUILD_TYPE=release
PRODUCT_DEFAULT_DEV_CERTIFICATE=vendor/guardtalk/branding/signing-keys/releasekey
BUILD_KEYS=dev-keys
BOARD_AVB_ENABLE=true
BOARD_AVB_KEY_PATH=vendor/guardtalk/branding/signing-keys/avb.pem
BOARD_AVB_ALGORITHM=SHA256_RSA4096
PASS: TARGET_PRODUCT=komodo
PASS: TARGET_BUILD_VARIANT=user (USERBUILD not regressed to userdebug)
PASS: TARGET_BUILD_TYPE=release
PASS: USERBUILD cert stem still releasekey
PASS: BOARD_AVB_ENABLE=true
PASS: user BOARD_AVB_KEY_PATH is project avb.pem (not AOSP testkey)
PASS: user BOARD_AVB_ALGORITHM=SHA256_RSA4096
HOLD: BUILD_KEYS=dev-keys until operator post-sign (not FAIL; unsigned lunch honest)
PASS: user PRODUCT_PACKAGES: su/overlay_remounter ABSENT (USERBUILD not regressed)
PASS: user PRODUCT_PACKAGES_DEBUG: su/overlay_remounter ABSENT

--- lunch komodo-trunk_staging-userdebug (sidecar adversarial; not product) ---
============================================
Commands from vendor/google_devices/komodo/cmds-for-envsetup.sh:
export BUILD_ID_komodo="BP4A.260205.002"
unset PLATFORM_SECURITY_PATCH_komodo
============================================
16:27:11 Build sandboxing disabled due to nsjail error.

============================================
PLATFORM_VERSION_CODENAME=Baklava
PLATFORM_VERSION=Baklava
TARGET_PRODUCT=komodo
TARGET_BUILD_VARIANT=userdebug
TARGET_ARCH=arm64
TARGET_ARCH_VARIANT=armv9-a
TARGET_CPU_VARIANT=cortex-a76
HOST_OS=linux
HOST_OS_EXTRA=Linux-6.8.0-138-generic-x86_64-Ubuntu-24.04.4-LTS
BUILD_ID=BP4A.260205.002
PLATFORM_SECURITY_PATCH=2026-02-05
OUT_DIR=out
SOONG_ONLY=false
============================================
16:27:17 Build sandboxing disabled due to nsjail error.
16:27:23 Build sandboxing disabled due to nsjail error.
16:27:29 Build sandboxing disabled due to nsjail error.
userdebug TARGET_BUILD_VARIANT=userdebug
userdebug BOARD_AVB_KEY_PATH=
userdebug BUILD_KEYS=test-keys
PASS: sidecar lunch is userdebug (not product truth)
PASS: sidecar BOARD_AVB_KEY_PATH empty dumpvar (Makefile testkey fallback at m; do not lock)
PASS: sidecar BUILD_KEYS=test-keys (not product truth)

--- signed vbmeta / lock / adb (HOLD; do not execute lock) ---
HOLD: m not run this QA stamp — signed vbmeta / avb_pkmd.bin HOLD (avb.pem ABSENT)
HOLD: fastboot flashing lock NOT executed (no USB GO; do not lock 54111FDAS000GN)
HOLD: verifiedbootstate green NOT claimed (Pixel custom-key truth is yellow)
List of devices attached
HOLD: adb devices empty / no komodo 54111FDAS000GN — device HOLD, never device-fixed, never lock

RESULT: FAIL (host)  bash_PASS=51 bash_HOLD=5 PY_RC=1
LIVE_DEVICE_CLAIMED=false
GREEN=HOLD
KEYS_SIGN_LOCK=HOLD
ITEM7=HOLD
DEVICE=HOLD
BUILD_KEYS_POSTSIGN=HOLD
SUITE_COUNTS name=verify_remediate_b1_avb_host EXIT=1 PASS=60 FAIL=4 HOLD=5 VERDICT=FAIL
======== END verify_remediate_b1_avb_host ========

======== BEGIN verify_remediate_b1_duress_usb_host ========
=== Q-REMEDIATE-B1-DURESS-USB independent rematch (item 7) ===
ROOT=/mnt/Big-Storage/GuardTalk/GrapheneOS-worktree
LIVE_DEVICE_CLAIMED=false
Q-ONDEVICE=not started
USB_GO=not started
WIPE_E2E=HOLD
GREEN=HOLD (do not invent)
LOCK_WIPE_54111FDAS000GN=not started
PASS_HOLD=remains

--- required files ---
PASS: present: vendor/guardtalk/device/komodo/guardtalk-production-hardening.mk
PASS: present: frameworks/base/services/core/java/com/android/server/policy/keyguard/UsbPortSecurityHooks.java
PASS: present: frameworks/base/services/core/java/com/android/server/locksettings/DuressPasswordHelper.java
PASS: present: frameworks/base/services/core/java/com/android/server/locksettings/DuressWipe.java
PASS: present: vendor/guardtalk/docs/USB_PROTECTION_POLICY.md

--- packet rg (UsbPortSecurityHooks) ---
113:    public static boolean mustDenyUsbDataFunctions(Context ctx) {
129:            Slog.e(TAG, "mustDenyUsbDataFunctions: failing closed", t);
140:        if (!mustDenyUsbDataFunctions(ctx)) {
232:        if (mustDenyUsbDataFunctions(context)) {
296:                            && !mustDenyUsbDataFunctions(context)) {
301:                    if (!mustDenyUsbDataFunctions(context)) {
360:            } else if (mustDenyUsbDataFunctions(ctx)) {
391:                                && !mustDenyUsbDataFunctions(ctx)) {
427:        if (PortSecurityState.PORTS_ENABLED.equals(state) && mustDenyUsbDataFunctions(context)) {
551:            "vendor.guardtalk.usb_duress_wipe.enabled";
557:     *   1. {@code vendor.guardtalk.usb_duress_wipe.enabled} == 1
561:     *   4. port is connected AND {@code data_role == DATA_ROLE_DEVICE}
606:        if (portStatus.getCurrentDataRole() != UsbPortStatus.DATA_ROLE_DEVICE) {
619:        if (!isVerifiedBootYellowOrGreen(vbootState)) {
674:    private static boolean isVerifiedBootYellowOrGreen(String state) {

--- packet rg (isVerifiedBootGreen must be ABSENT) ---
(no matches — expected)
PASS: isVerifiedBootGreen ABSENT from UsbPortSecurityHooks.java

--- packet rg (Reason.DURESS) ---
frameworks/base/services/core/java/com/android/server/locksettings/DuressWipe.java:21:        SecureWipeEngine.run(context, SecureWipeEngine.Reason.DURESS);
frameworks/base/services/core/java/com/android/server/locksettings/DuressPasswordHelper.java:41:     * {@link SecureWipeEngine.Reason#DURESS}; this method must not change that reason.
frameworks/base/services/core/java/com/android/server/locksettings/DuressPasswordHelper.java:67:                        SecureWipeEngine.Reason.DURESS);
frameworks/base/services/core/java/com/android/server/locksettings/LockSettingsService.java:2565:     * {@link SecureWipeEngine.Reason#DURESS}. Do not add a parallel LSKF verify path for

--- packet rg (komodo user flag) ---
8:#   AOSP gen_build_prop.py maps user → ro.debuggable=0, ro.adb.secure=1
47:    ro.adb.secure=1 \
48:    vendor.guardtalk.usb_duress_wipe.enabled=1

--- static Java / mk / policy ---
PASS: UsbPortSecurityHooks has isVerifiedBootYellowOrGreen
PASS: yellow or green accepted (exact equals, not orange/red/empty)
PASS: Java isUsbDuressWipeEnabled default remains "0"
PASS: USB duress prop name present
PASS: DATA_ROLE_DEVICE still required (NONE/HOST do not wipe)
PASS: USB path still calls DuressWipe.run
PASS: mustDenyUsbDataFunctions still present
PASS: mustDenyUsbDataFunctions still delegates to fail-closed policy
PASS: mustDenyUsbDataFunctions still null-ctx fail-closed
PASS: sanitizeUsbFunctions still gated on mustDenyUsbDataFunctions
PASS: DuressPasswordHelper still Reason.DURESS
PASS: DuressWipe.run still Reason.DURESS
PASS: hardening.mk assigns usb_duress_wipe.enabled=1
PASS: USERBUILD ro.adb.secure=1 still in hardening.mk
PASS: hardening.mk still has user ifeq
PASS: USB_PROTECTION_POLICY documents yellow or green
PASS: USB_PROTECTION_POLICY still requires USB data-role DEVICE
PASS: USB_PROTECTION_POLICY still documents lockscreen Reason.DURESS
PASS: USB_PROTECTION_POLICY names production-custody serial
PASS: USB_PROTECTION_POLICY still forbids USB GO this stamp
PASS: isVerifiedBootGreen identifier gone (renamed)
PASS: Java default is not flipped to "1"
PASS: komodo device tree does not PRODUCT-lie verifiedbootstate=green
PASS: charge-only DATA_ROLE_NONE is not a wipe trigger
PASS: DATA_ROLE_HOST is not a wipe trigger

--- python structural rematch ---
PASS: isVerifiedBootGreen identifier ABSENT
PASS: isVerifiedBootYellowOrGreen body is yellow||green only
PASS: truth table: yellow/green accept; orange/red/empty/case/space reject
PASS: Java flag default remains "0" (userdebug/unset stay opt-in)
PASS: Java default is not "1"
PASS: DATA_ROLE_DEVICE required (NONE/HOST return before wipe)
PASS: USB wipe path gates on isVerifiedBootYellowOrGreen
PASS: USB path still DuressWipe.run (same engine as lockscreen)
PASS: mustDenyUsbDataFunctions present, used, null-ctx fail-closed
PASS: sanitizeUsbFunctions still strips blocked data functions
PASS: DuressPasswordHelper still Reason.DURESS
PASS: DuressWipe.run still Reason.DURESS
PASS: user ifeq contains usb_duress_wipe.enabled=1 next to ro.adb.secure=1
PASS: flag=1 is user-gated only (not in un-gated overrides)
PASS: USB_PROTECTION_POLICY documents yellow/green + DEVICE + DURESS
PASS: USB_PROTECTION_POLICY forbids inventing on-device boot color
PY_COUNTS PASS_COUNT=16 FAIL_COUNT=0 HOLD_COUNT=0
PASS: python structural rematch exit 0

--- lunch komodo-trunk_staging-user (independent; do not skip) ---
export BUILD_DATETIME=1782971948 BUILD_NUMBER=eng.openst
============================================
Commands from vendor/google_devices/komodo/cmds-for-envsetup.sh:
export BUILD_ID_komodo="BP4A.260205.002"
unset PLATFORM_SECURITY_PATCH_komodo
============================================
16:27:36 Build sandboxing disabled due to nsjail error.

============================================
PLATFORM_VERSION_CODENAME=Baklava
PLATFORM_VERSION=Baklava
TARGET_PRODUCT=komodo
TARGET_BUILD_VARIANT=user
TARGET_ARCH=arm64
TARGET_ARCH_VARIANT=armv9-a
TARGET_CPU_VARIANT=cortex-a76
HOST_OS=linux
HOST_OS_EXTRA=Linux-6.8.0-138-generic-x86_64-Ubuntu-24.04.4-LTS
BUILD_ID=BP4A.260205.002
PLATFORM_SECURITY_PATCH=2026-02-05
OUT_DIR=out
SOONG_ONLY=false
============================================
PASS: lunch komodo-trunk_staging-user exit 0
16:27:42 Build sandboxing disabled due to nsjail error.
16:27:48 Build sandboxing disabled due to nsjail error.
16:27:53 Build sandboxing disabled due to nsjail error.
16:27:59 Build sandboxing disabled due to nsjail error.
16:28:08 Build sandboxing disabled due to nsjail error.
TARGET_PRODUCT=komodo
TARGET_BUILD_VARIANT=user
PRODUCT_PROPERTY_OVERRIDES written to vendor/guardtalk/docs/qa/_artifacts/Q-REMEDIATE-B1-DURESS-USB_PRODUCT_PROPERTY_OVERRIDES.txt
PASS: TARGET_PRODUCT=komodo
PASS: TARGET_BUILD_VARIANT=user (not userdebug)
PASS: user PRODUCT_PROPERTY_OVERRIDES contains vendor.guardtalk.usb_duress_wipe.enabled=1
PASS: user PRODUCT_PROPERTY_OVERRIDES does not set usb_duress_wipe.enabled=0
PASS: user PRODUCT_PROPERTY_OVERRIDES still contains ro.adb.secure=1
PASS: user PRODUCT_PROPERTY_OVERRIDES still contains ro.guardtalk.production_profile=1
PASS: user PRODUCT_PROPERTY_OVERRIDES does not PRODUCT-lie verifiedbootstate=green
PASS: user PRODUCT_PACKAGES: su/overlay_remounter ABSENT (USERBUILD not regressed)
PASS: user PRODUCT_PACKAGES_DEBUG: su/overlay_remounter ABSENT

--- lunch komodo-trunk_staging-userdebug (sidecar adversarial; not product) ---
============================================
Commands from vendor/google_devices/komodo/cmds-for-envsetup.sh:
export BUILD_ID_komodo="BP4A.260205.002"
unset PLATFORM_SECURITY_PATCH_komodo
============================================
16:28:14 Build sandboxing disabled due to nsjail error.

============================================
PLATFORM_VERSION_CODENAME=Baklava
PLATFORM_VERSION=Baklava
TARGET_PRODUCT=komodo
TARGET_BUILD_VARIANT=userdebug
TARGET_ARCH=arm64
TARGET_ARCH_VARIANT=armv9-a
TARGET_CPU_VARIANT=cortex-a76
HOST_OS=linux
HOST_OS_EXTRA=Linux-6.8.0-138-generic-x86_64-Ubuntu-24.04.4-LTS
BUILD_ID=BP4A.260205.002
PLATFORM_SECURITY_PATCH=2026-02-05
OUT_DIR=out
SOONG_ONLY=false
============================================
16:28:20 Build sandboxing disabled due to nsjail error.
userdebug TARGET_BUILD_VARIANT=userdebug
PASS: sidecar lunch is userdebug (not product truth)
PASS: sidecar PRODUCT_PROPERTY_OVERRIDES does not contain vendor.guardtalk.usb_duress_wipe.enabled=1 (Java default 0)

--- wipe e2e / adb / USB GO (HOLD; do not execute) ---
HOLD: wipe e2e HOLD — designated test unit + operator GO required; not this card
HOLD: USB GO NOT executed (no fastboot, no lock, no wipe of 54111FDAS000GN)
HOLD: verifiedbootstate green NOT claimed (do not invent live boot color)
List of devices attached
HOLD: adb devices empty / no komodo 54111FDAS000GN — device HOLD, never device-fixed, never lock/wipe

RESULT: PASS (host)  bash_PASS=44 bash_HOLD=4 PY_RC=0
LIVE_DEVICE_CLAIMED=false
GREEN=HOLD
WIPE_E2E=HOLD
USB_GO=not started
DEVICE=HOLD
PASS_HOLD=remains
SUITE_COUNTS name=verify_remediate_b1_duress_usb_host EXIT=0 PASS=60 FAIL=0 HOLD=4 VERDICT=PASS
======== END verify_remediate_b1_duress_usb_host ========

======== BEGIN verify_remediate_b1_userbuild_host ========
=== Q-REMEDIATE-B1-USERBUILD independent rematch (items 1,2,3,5) ===
ROOT=/mnt/Big-Storage/GuardTalk/GrapheneOS-worktree
LIVE_DEVICE_CLAIMED=false
Q-ONDEVICE=not started
Q-AVB=not started
USB_GO=not started

--- required files ---
PASS: present: vendor/guardtalk/device/komodo/guardtalk-production-hardening.mk
PASS: present: vendor/guardtalk/feature-excised/userbuild-excised.mk
PASS: present: vendor/guardtalk/radio-excised/product-config-late.mk
PASS: present: vendor/guardtalk/radio-excised/guardtalk-radio-excised.mk
PASS: present: vendor/guardtalk/docs/PRODUCTION_HARDENING_POLICY.md
PASS: present: vendor/guardtalk/docs/SPL_PIN.md
PASS: present: vendor/guardtalk/docs/ENGINEERING_SIDECAR_USERDEBUG.md
PASS: present: build/release/flag_values/trunk_staging/RELEASE_PLATFORM_SECURITY_PATCH.textproto
PASS: present: build/soong/scripts/gen_build_prop.py
PASS: present: system/core/rootdir/adb_debug.prop.in

--- packet rg (su / overlay_remounter) ---
vendor/guardtalk/radio-excised/product-config-late.mk:28:  # T-REMEDIATE-B1-USERBUILD: drop su / overlay_remounter on user variant.
vendor/guardtalk/feature-excised/guardtalk-feature-excised.mk:20:# T-REMEDIATE-B1-USERBUILD: su / overlay_remounter late filter lives in
vendor/guardtalk/feature-excised/userbuild-excised.mk:1:# T-REMEDIATE-B1-USERBUILD — drop setuid su and overlay_remounter from
vendor/guardtalk/feature-excised/userbuild-excised.mk:6:# komodo userdebug out still installs /system/xbin/{su,overlay_remounter}.
vendor/guardtalk/feature-excised/userbuild-excised.mk:10:# overlay_remounter is additionally a Soong `required:` of the init phony when
vendor/guardtalk/feature-excised/userbuild-excised.mk:19:GUARDTALK_USERBUILD_DROP := su overlay_remounter
vendor/guardtalk/device/komodo/guardtalk-production-hardening.mk:64:# lock_screen_show_notifications=0. Overlay props only; su/SPL/AVB unchanged.
vendor/guardtalk/device/komodo/REGEN_HOOKS.md:132:`lock_screen_show_notifications=0`). Do not rewrite USERBUILD su/SPL/AVB.
vendor/guardtalk/device/komodo/guardtalk-defaults.mk:5:# su/SPL/AVB. Do not re-enable RIL. Do not PRODUCT_PROPERTY_OVERRIDES

--- packet rg (adb.secure / release-keys / testkey) ---
vendor/guardtalk/docs/PRODUCTION_HARDENING_POLICY.md:12:| Profile | Lunch | `TARGET_BUILD_VARIANT` | `ro.debuggable` | `ro.adb.secure` | `su` / `overlay_remounter` |
vendor/guardtalk/docs/PRODUCTION_HARDENING_POLICY.md:17:- **release-keys:** user variant sets `PRODUCT_DEFAULT_DEV_CERTIFICATE` to
vendor/guardtalk/docs/PRODUCTION_HARDENING_POLICY.md:20:  reports `BUILD_KEYS=dev-keys` (not `testkey`); post-sign yields
vendor/guardtalk/docs/PRODUCTION_HARDENING_POLICY.md:21:  `release-keys`. AVB user pointer + komodo lock procedure:
vendor/guardtalk/docs/PRODUCTION_HARDENING_POLICY.md:24:- **`ro.adb.secure=1`:** product truth on the user image. `debug_ramdisk`
vendor/guardtalk/docs/PRODUCTION_HARDENING_POLICY.md:41:rg -n "ro.adb.secure|release-keys|testkey" vendor/guardtalk/device/komodo vendor/guardtalk/docs/PRODUCTION_HARDENING_POLICY.md
vendor/guardtalk/docs/PRODUCTION_HARDENING_POLICY.md:60:| `BOARD_AVB_KEY_PATH` | `vendor/guardtalk/branding/signing-keys/avb.pem` (overrideable) | **Not** `external/avb/test/data/testkey_rsa4096.pem`. File is gitignored and **absent** on this host. |
vendor/guardtalk/docs/PRODUCTION_HARDENING_POLICY.md:62:| `BUILD_KEYS` (unsigned lunch) | `dev-keys` | Honest. Post-sign → `release-keys`. Do not invent release-keys. |
vendor/guardtalk/docs/PRODUCTION_HARDENING_POLICY.md:92:rg -n "AVB_VBMETA|BOARD_AVB|release-keys|testkey" vendor/guardtalk/device/komodo vendor/google_devices/komodo device/google/komodo 2>/dev/null
vendor/guardtalk/docs/PRODUCTION_HARDENING_POLICY.md:150:| `ro.secure` / `ro.adb.secure` | AOSP userdebug defaults | AOSP user defaults (ADB non-root) |
vendor/guardtalk/device/komodo/BoardConfig-excised-late.mk:16:# the project AVB private-key path, not AOSP testkey_rsa4096.pem
vendor/guardtalk/device/komodo/guardtalk-production-hardening.mk:8:#   AOSP gen_build_prop.py maps user → ro.debuggable=0, ro.adb.secure=1
vendor/guardtalk/device/komodo/guardtalk-production-hardening.mk:17:# BUILD_KEYS=dev-keys; post-sign (RUNBOOK) yields release-keys.
vendor/guardtalk/device/komodo/guardtalk-production-hardening.mk:20:# or overrides to the offline path). Do not invent release-keys or green boot
vendor/guardtalk/device/komodo/guardtalk-production-hardening.mk:47:    ro.adb.secure=1 \
vendor/guardtalk/device/komodo/guardtalk-production-hardening.mk:51:# testkey is the AOSP default; this path is the production release-keys wiring.

--- packet find (pem/pk8) ---
PASS: no *.pem / *.pk8 under vendor/guardtalk

--- static product wiring ---
PASS: komodo harden sets ro.adb.secure=1
PASS: komodo harden user-gates production profile / cert
PASS: komodo harden cert stem is releasekey
PASS: komodo harden SPL pin of record is 2026-09-05
PASS: userbuild-excised.mk is user-gated
PASS: userbuild-excised.mk filter-out PRODUCT_PACKAGES
PASS: userbuild-excised.mk filter-out PRODUCT_PACKAGES_DEBUG
PASS: drop set is su overlay_remounter
PASS: userbuild-excised.mk does not add packages
PASS: product-config-late.mk includes userbuild-excised.mk
PASS: radio-excised includes per-device harden mk
PASS: SPL_PIN.md documents pin 2026-09-05
PASS: SPL_PIN.md documents live 2026-02-05
PASS: trunk_staging RELEASE_PLATFORM_SECURITY_PATCH still 2026-02-05
PASS: trunk_staging flag is not silently 2026-09-05
PASS: gen_build_prop.py has user variant branch
PASS: AOSP user maps ro.adb.secure=1
PASS: AOSP user maps ro.debuggable=0
PASS: debug_ramdisk adb_debug.prop.in still ro.adb.secure=0 (NOT product truth)
PASS: policy documents product ro.adb.secure=1
PASS: policy documents release-keys
PASS: policy does not treat debug_ramdisk as product truth
PASS: sidecar documents userdebug lunch (not this product)

--- python structural rematch ---
PASS: komodo harden user block present
PASS: ro.adb.secure=1 is inside the user block (product wiring)
PASS: user product block does not set ro.adb.secure=0
PASS: releasekey stem assigned inside user block
PASS: testkey is not the user product cert stem
PASS: user block does not PRODUCT-force ro.debuggable
PASS: komodo harden does not invent live PLATFORM_SECURITY_PATCH
PASS: komodo harden does not add su/overlay_remounter
PASS: pin of record GUARDTALK_SPL_PIN=2026-09-05 in harden mk
PASS: userbuild-excised.mk user-gated (userdebug leftover is sidecar)
PASS: user filter-out of PRODUCT_PACKAGES
PASS: user filter-out of PRODUCT_PACKAGES_DEBUG
PASS: userbuild-excised.mk is filter-out only
PASS: late include order: feature-excised then userbuild-excised
PASS: radio-excised uses per-device harden mk (komodo file wins)
PASS: live flag file still 2026-02-05 (do not invent 2026-09-05 as live)
PASS: AOSP user branch emits ro.adb.secure=1 (not debug_ramdisk)
PASS: AOSP user branch disables target debugging (ro.debuggable=0 path)
PASS: adb_debug.prop.in ro.adb.secure=0 is force_debuggable ramdisk, not product
PASS: SPL_PIN.md records pin vs live HOLD honestly
PY_COUNTS PASS_COUNT=20 FAIL_COUNT=0 HOLD_COUNT=0
PASS: python structural rematch exit 0

--- lunch komodo-trunk_staging-user (independent; do not skip) ---
export BUILD_DATETIME=1782971948 BUILD_NUMBER=eng.openst
============================================
Commands from vendor/google_devices/komodo/cmds-for-envsetup.sh:
export BUILD_ID_komodo="BP4A.260205.002"
unset PLATFORM_SECURITY_PATCH_komodo
============================================
16:28:32 Build sandboxing disabled due to nsjail error.

============================================
PLATFORM_VERSION_CODENAME=Baklava
PLATFORM_VERSION=Baklava
TARGET_PRODUCT=komodo
TARGET_BUILD_VARIANT=user
TARGET_ARCH=arm64
TARGET_ARCH_VARIANT=armv9-a
TARGET_CPU_VARIANT=cortex-a76
HOST_OS=linux
HOST_OS_EXTRA=Linux-6.8.0-138-generic-x86_64-Ubuntu-24.04.4-LTS
BUILD_ID=BP4A.260205.002
PLATFORM_SECURITY_PATCH=2026-02-05
OUT_DIR=out
SOONG_ONLY=false
============================================
PASS: lunch komodo-trunk_staging-user exit 0
16:28:38 Build sandboxing disabled due to nsjail error.
16:28:44 Build sandboxing disabled due to nsjail error.
16:28:50 Build sandboxing disabled due to nsjail error.
16:28:56 Build sandboxing disabled due to nsjail error.
16:29:02 Build sandboxing disabled due to nsjail error.
16:29:08 Build sandboxing disabled due to nsjail error.
16:29:14 Build sandboxing disabled due to nsjail error.
16:29:20 Build sandboxing disabled due to nsjail error.
16:29:29 Build sandboxing disabled due to nsjail error.
TARGET_PRODUCT=komodo
TARGET_BUILD_VARIANT=user
TARGET_BUILD_TYPE=release
PRODUCT_DEFAULT_DEV_CERTIFICATE=vendor/guardtalk/branding/signing-keys/releasekey
PLATFORM_SECURITY_PATCH=2026-02-05
BUILD_KEYS=dev-keys
PASS: TARGET_PRODUCT=komodo
PASS: TARGET_BUILD_VARIANT=user (not userdebug)
PASS: TARGET_BUILD_TYPE=release
PASS: PRODUCT_DEFAULT_DEV_CERTIFICATE is releasekey stem
HOLD: BUILD_KEYS=dev-keys until operator post-sign (not FAIL; not test-keys)
HOLD: live PLATFORM_SECURITY_PATCH=2026-02-05 (pin of record 2026-09-05; do not invent live current SPL)
PASS: PRODUCT_PROPERTY_OVERRIDES contains ro.adb.secure=1 on user
PASS: PRODUCT_PROPERTY_OVERRIDES does not set ro.adb.secure=0
PASS: no PRODUCT-force of ro.debuggable on user dump
PASS: user PRODUCT_PACKAGES: su and overlay_remounter ABSENT
PASS: user PRODUCT_PACKAGES_DEBUG: su and overlay_remounter ABSENT

--- lunch komodo-trunk_staging-userdebug (sidecar adversarial; not product) ---
============================================
Commands from vendor/google_devices/komodo/cmds-for-envsetup.sh:
export BUILD_ID_komodo="BP4A.260205.002"
unset PLATFORM_SECURITY_PATCH_komodo
============================================
16:29:35 Build sandboxing disabled due to nsjail error.

============================================
PLATFORM_VERSION_CODENAME=Baklava
PLATFORM_VERSION=Baklava
TARGET_PRODUCT=komodo
TARGET_BUILD_VARIANT=userdebug
TARGET_ARCH=arm64
TARGET_ARCH_VARIANT=armv9-a
TARGET_CPU_VARIANT=cortex-a76
HOST_OS=linux
HOST_OS_EXTRA=Linux-6.8.0-138-generic-x86_64-Ubuntu-24.04.4-LTS
BUILD_ID=BP4A.260205.002
PLATFORM_SECURITY_PATCH=2026-02-05
OUT_DIR=out
SOONG_ONLY=false
============================================
16:29:41 Build sandboxing disabled due to nsjail error.
16:29:47 Build sandboxing disabled due to nsjail error.
16:29:53 Build sandboxing disabled due to nsjail error.
userdebug TARGET_BUILD_VARIANT=userdebug
userdebug PRODUCT_DEFAULT_DEV_CERTIFICATE=
PASS: sidecar lunch is userdebug (not product truth)
PASS: sidecar PRODUCT_PACKAGES_DEBUG still has su/overlay_remounter (not this product)
HOLD: sidecar cert stem= (document only; product is user+releasekey)

--- xbin / m / adb (device HOLD if empty or not a built user image) ---
HOLD: stale out xbin still present (m not a user image this stamp):
-rwxr-xr-x+ 1 oss-c1 oss-c1 613776 Sep 15 04:58 out/target/product/komodo/system/xbin/overlay_remounter
-rwxr-xr-x+ 1 oss-c1 oss-c1  51464 Sep 15 04:58 out/target/product/komodo/system/xbin/su
HOLD: m not run this QA stamp (not a built user image; never device-fixed)
List of devices attached
HOLD: adb devices empty / no komodo 54111FDAS000GN — device HOLD, never device-fixed

RESULT: PASS (host)  bash_PASS=47 bash_HOLD=6 PY_RC=0
LIVE_DEVICE_CLAIMED=false
ITEM5_LIVE_SPL=HOLD
BUILD_KEYS_POSTSIGN=HOLD
XBIN_M=HOLD
DEVICE=HOLD
SUITE_COUNTS name=verify_remediate_b1_userbuild_host EXIT=0 PASS=67 FAIL=0 HOLD=6 VERDICT=PASS
======== END verify_remediate_b1_userbuild_host ========

======== BEGIN verify_remediate_b2_apex_host ========
=== Q-REMEDIATE-B2-APEX independent rematch (item 13 residual) ===
ROOT=/mnt/Big-Storage/GuardTalk/GrapheneOS-worktree
LIVE_DEVICE_CLAIMED=false
PASS_HOLD_LIFTED=false
Q-ONDEVICE=not started
EXCISE_SUITE_OVERWRITE=false
USB_GO=not started
m=not run
T/F/Architect lunch dumps: not trusted

--- required files ---
PASS: present: vendor/guardtalk/feature-excised/devicelock-apex-excised.mk
PASS: present: vendor/guardtalk/feature-excised/guardtalk-feature-excised.mk
PASS: present: vendor/guardtalk/feature-excised/apps-excised.mk
PASS: present: vendor/guardtalk/feature-excised/apex-bcp-excised.mk
PASS: present: frameworks/base/core/java/android/app/SystemServiceRegistry.java
PASS: present: build/make/target/product/default_art_config.mk
PASS: present: vendor/guardtalk/docs/qa/verify_remediate_b2_excise_host.sh
PASS: EXCISE suite left in place (this file is a sibling)

--- packet rg (APEX drop / KEEP / BCP) ---
3:# Filter-out the DeviceLock mainline APEX from GuardTalkOS PRODUCT_PACKAGES.
7:# `com.android.devicelock`.
14:# PRODUCT_APEX_BOOT_JARS / PRODUCT_APEX_STANDALONE_SYSTEM_SERVER_JARS without
21:    com.android.devicelock \
22:    com.android.devicelock-debug
24:PRODUCT_PACKAGES := $(filter-out $(GUARDTALK_DEVICELOCK_APEX_DROP),$(PRODUCT_PACKAGES))
25:PRODUCT_PACKAGES_DEBUG := $(filter-out $(GUARDTALK_DEVICELOCK_APEX_DROP),$(PRODUCT_PACKAGES_DEBUG))

37:include vendor/guardtalk/feature-excised/apps-excised.mk
106:  #                                    filtered in apps-excised.mk P0)
114:  #                                    devicelock-apex-excised.mk (T-REMEDIATE-B2-APEX);
137:# AFTER apps-excised.mk (so its PRODUCT_PACKAGES filter-out has already
145:# excision file in this directory (apps-excised.mk, nfc-excised.mk, etc.).
151:include vendor/guardtalk/feature-excised/devicelock-apex-excised.mk

50:#   HTMLViewer               -> KEPT (T-OS-FILES-MEDIA). Was media_system.mk:32.
125:#   Gallery2                     -> product/app/Gallery2/Gallery2.apk
147:    Gallery2 \
171:# NOTE: GmsCompat cluster was originally part of Wave C, restored after a
174:# patch. See GUARDTALK_APPS_PACKAGES += GmsCompat* below.
195:# GmsCompat cluster (GrapheneOS Google-compatibility shim). T-REMEDIATE-B2-EXCISE
197:#   GmsCompat      -> handheld_system.mk:56
198:#   GmsCompatConfig -> late-*.mk install: system/app/GmsCompatConfig/
199:#   GmsCompatLib   -> late-*.mk install: system/app/GmsCompatLib/
217:# Contacts + ContactsProvider — see GUARDTALK_APPS_KEEP below):
239:# GmsCompat / GmsCompatConfig / GmsCompatLib / AppCompatConfig from the
240:# image (not “disabled but present”). DeviceLockController is the
244:#   Builder.apply(GmsCompatApp.PKG_NAME)
248:# skipped for GmsCompatApp.PKG_NAME in GosPackageStatePermission.java
252:# com.android.devicelock APEX is NOT filtered in this stanza. Dedicated
256:    GmsCompat \
257:    GmsCompatConfig \
258:    GmsCompatLib \
260:    DeviceLockController \
261:    DeviceLockControllerDebug
263:# SUPERSEDED (Wave C 2026-06-30 REGRESSION FIX): GmsCompat cluster was
339:# GUARDTALK_APPS_KEEP — packages that must NEVER be dropped by this filter, even
350:# T-OS-FILES-MEDIA: in-tree media VIEW handlers. HTMLViewer (images) is already
352:# UniversalMediaPlayer (video) is NOT a default PRODUCT_PACKAGES entry; it
353:# is added explicitly after the filter-out. Gallery2 stays excised (not the
357:# lunch proves HTMLViewer + UniversalMediaPlayer in PRODUCT_PACKAGES (jpeg/png/
358:# webp VIEW via HTMLViewer; mp4/webm via UMP). ImageViewer priv-app not required.
359:# Gallery2 stays in GUARDTALK_APPS_PACKAGES. GmsCompat/AppCompatConfig filter-out
361:GUARDTALK_APPS_KEEP := \
364:    HTMLViewer \
365:    UniversalMediaPlayer
696:# PrintSpooler + Gallery2 APKs. Discovered by Q-PKG-REPORT-VERIFY (2026-07-01):
698:# Wave P1 line ~110, Gallery2 at Wave B line ~146), but their bundled JNI
705:# Gallery2/Android.bp:37-41 -> libjni_eglfence / libjni_filtershow_filters /
712:# creates app/Gallery2/lib/arm64/libjni_eglfence.so -> /product/lib64/libjni_eglfence.so).
721:#   /product/app/Gallery2/lib/arm64/libjni_eglfence.so                   (33 KB)
722:#   /product/app/Gallery2/lib/arm64/libjni_filtershow_filters.so         (43 KB)
723:#   /product/app/Gallery2/lib/arm64/libjni_jpegstream.so                 (35 KB)
788:# ContactsProvider, HTMLViewer, UniversalMediaPlayer) somehow landed in the
791:PRODUCT_PACKAGES += $(filter $(GUARDTALK_APPS_KEEP),$(GUARDTALK_APPS_PACKAGES))
793:# T-OS-FILES-MEDIA / T-REMEDIATE-B3-VIEWER: UniversalMediaPlayer is not sourced
795:# handler (mp4/webm). Manifest has no LAUNCHER (VIEW-only). Gallery2 remains
796:# excised. HTMLViewer stays via media_system.mk + KEEP (not a second +=).
797:PRODUCT_PACKAGES += UniversalMediaPlayer

--- static product wiring ---
PASS: feature-excised includes apps-excised.mk
PASS: feature-excised includes dedicated APEX mk (not GmsCompat stanza)
PASS: APEX drop list contains com.android.devicelock
PASS: APEX drop list contains com.android.devicelock-debug
PASS: apps-excised KEEP list contains HTMLViewer
PASS: apps-excised KEEP / add UniversalMediaPlayer
PASS: apps-excised drop list still contains Gallery2
PASS: apps-excised drop list still contains DeviceLockController
PASS: apps-excised drop list still contains GmsCompat
PASS: SystemServiceRegistry still hard-imports DeviceLockFrameworkInitializer
PASS: default_art_config still lists framework-devicelock BCP
PASS: default_art_config still lists service-devicelock SSR
PASS: devicelock-apex-excised.mk active code does not touch PRODUCT_APEX_BOOT_JARS
PASS: devicelock-apex-excised.mk active code does not touch SSR jar lists

--- python structural rematch ---
PASS: com.android.devicelock is in GUARDTALK_DEVICELOCK_APEX_DROP
PASS: com.android.devicelock-debug is in GUARDTALK_DEVICELOCK_APEX_DROP
PASS: APEX mk filter-out PRODUCT_PACKAGES via GUARDTALK_DEVICELOCK_APEX_DROP
PASS: APEX mk active code does not strip BCP/SSR jar lists
PASS: include order: apps-excised KEEP then dedicated APEX filter
PASS: GUARDTALK_APPS_KEEP still has HTMLViewer and UniversalMediaPlayer
PASS: Gallery2 still in GUARDTALK_APPS_PACKAGES drop list
PASS: Gallery2 is not in GUARDTALK_APPS_KEEP
PASS: GmsCompat still in GmsCompat/controller drop stanza
PASS: DeviceLockController still in GmsCompat/controller drop stanza
PASS: DeviceLockControllerDebug still in GmsCompat/controller drop stanza
PASS: APEX token not in GUARDTALK_APPS_PACKAGES (dedicated mk)
PASS: apex-bcp-excised.mk has no active DeviceLock BCP strip
HOLD: SSR still hard-imports DeviceLockFrameworkInitializer (BCP required)
HOLD: SSR still calls DeviceLockFrameworkInitializer.registerServiceWrappers()
PY_COUNTS PASS_COUNT=13 FAIL_COUNT=0 HOLD_COUNT=2
PASS: python structural rematch exit 0

--- lunch komodo-trunk_staging-user (independent; do not skip) ---
export BUILD_DATETIME=1782971948 BUILD_NUMBER=eng.openst
============================================
Commands from vendor/google_devices/komodo/cmds-for-envsetup.sh:
export BUILD_ID_komodo="BP4A.260205.002"
unset PLATFORM_SECURITY_PATCH_komodo
============================================
16:29:59 Build sandboxing disabled due to nsjail error.

============================================
PLATFORM_VERSION_CODENAME=Baklava
PLATFORM_VERSION=Baklava
TARGET_PRODUCT=komodo
TARGET_BUILD_VARIANT=user
TARGET_ARCH=arm64
TARGET_ARCH_VARIANT=armv9-a
TARGET_CPU_VARIANT=cortex-a76
HOST_OS=linux
HOST_OS_EXTRA=Linux-6.8.0-138-generic-x86_64-Ubuntu-24.04.4-LTS
BUILD_ID=BP4A.260205.002
PLATFORM_SECURITY_PATCH=2026-02-05
OUT_DIR=out
SOONG_ONLY=false
============================================
PASS: lunch komodo-trunk_staging-user exit 0
16:30:05 Build sandboxing disabled due to nsjail error.
16:30:11 Build sandboxing disabled due to nsjail error.
16:30:17 Build sandboxing disabled due to nsjail error.
16:30:25 Build sandboxing disabled due to nsjail error.
16:30:31 Build sandboxing disabled due to nsjail error.
16:30:37 Build sandboxing disabled due to nsjail error.
DUMP_PKGS_BYTES=35221 DUMP_PKGS_WORDS=1392
DUMP_BCP_WORDS=32 DUMP_SSR_WORDS=10
TARGET_PRODUCT=komodo
TARGET_BUILD_VARIANT=user
PASS: TARGET_PRODUCT=komodo
PASS: TARGET_BUILD_VARIANT=user (not userdebug)

--- user PRODUCT_PACKAGES (APEX token + KEEP + no un-excise) ---
PASS: user PRODUCT_PACKAGES: com.android.devicelock ABSENT
PASS: user PRODUCT_PACKAGES: com.android.devicelock-debug ABSENT
PASS: user PRODUCT_PACKAGES: DeviceLockController ABSENT
PASS: user PRODUCT_PACKAGES: DeviceLockControllerDebug ABSENT
PASS: user PRODUCT_PACKAGES: Gallery2 ABSENT
PASS: user PRODUCT_PACKAGES: GmsCompat ABSENT
PASS: user PRODUCT_PACKAGES: HTMLViewer PRESENT (KEEP)
PASS: user PRODUCT_PACKAGES: UniversalMediaPlayer PRESENT (KEEP)
PASS: PRODUCT_PACKAGES_DEBUG: com.android.devicelock* ABSENT

--- BCP / SSR DeviceLock jars (PRESENT = HOLD, not FAIL) ---
HOLD: PRODUCT_APEX_BOOT_JARS: com.android.devicelock:framework-devicelock PRESENT (intentional Zygote; not FAIL)
HOLD: PRODUCT_APEX_STANDALONE_SYSTEM_SERVER_JARS: com.android.devicelock:service-devicelock PRESENT (intentional Zygote; not FAIL)

--- stale out/ APEX is NOT product truth (m not run) ---
HOLD: stale out/target/product/komodo DeviceLock APEX still present; not treated as product truth:
drwxrwxr-x+ 5 oss-c1 oss-c1    4096 Sep 15 04:58 out/target/product/komodo/apex/com.android.devicelock
-rw-rw-r--+ 1 oss-c1 oss-c1 3723264 Sep 15 05:14 out/target/product/komodo/system/apex/com.android.devicelock.apex
HOLD: m not run this QA stamp (not a built user image; never device-fixed)
HOLD: on-device / Zygote DeviceLock-absent not claimed (do not invent PASS)
HOLD: PASS HOLD remains (not lifted)

--- adb / device HOLD ---
List of devices attached
HOLD: adb devices empty / no komodo 54111FDAS000GN — device HOLD, never device-fixed

RESULT: PASS (host)  bash_PASS=35 bash_HOLD=7 PY_RC=0
LIVE_DEVICE_CLAIMED=false
BCP_SSR=HOLD_IF_PRESENT
STALE_OUT_APEX=HOLD
DEVICE=HOLD
ZYGOTE=not claimed
PASS_HOLD=remains
Q-ONDEVICE=not started
EXCISE_SUITE=not overwritten
SUITE_COUNTS name=verify_remediate_b2_apex_host EXIT=0 PASS=48 FAIL=0 HOLD=9 VERDICT=PASS
======== END verify_remediate_b2_apex_host ========

======== BEGIN verify_remediate_b2_excise_host ========
=== Q-REMEDIATE-B2-EXCISE independent rematch (items 8,10,12,13) ===
ROOT=/mnt/Big-Storage/GuardTalk/GrapheneOS-worktree
LIVE_DEVICE_CLAIMED=false
Q-ONDEVICE=not started
Q-KERNEL=sibling not overwritten
Q-TELEMETRY=not started
USB_GO=not started
GNSS_DEAD_ONDEVICE=not claimed

--- required files ---
PASS: present: vendor/guardtalk/feature-excised/apps-excised.mk
PASS: present: vendor/guardtalk/feature-excised/loc-excised.mk
PASS: present: vendor/guardtalk/feature-excised/guardtalk-feature-excised.mk
PASS: present: vendor/guardtalk/feature-excised/handheld_core_hardware.prebuilt.xml
PASS: present: frameworks/base/services/core/java/com/android/server/pm/GosPackageStatePermission.java
PASS: present: frameworks/base/services/java/com/android/server/SystemServer.java
PASS: present: vendor/google_devices/komodo/proprietary/vendor/etc/init/pktrouter.rc
PASS: present: vendor/google_devices/komodo/proprietary/vendor/etc/init/bipchmgr.rc
PASS: present: vendor/google_devices/komodo/sysprop/vendor.prop

--- packet rg (GmsCompat / AppCompatConfig / KEEP) ---
50:#   HTMLViewer               -> KEPT (T-OS-FILES-MEDIA). Was media_system.mk:32.
171:# NOTE: GmsCompat cluster was originally part of Wave C, restored after a
174:# patch. See GUARDTALK_APPS_PACKAGES += GmsCompat* below.
195:# GmsCompat cluster (GrapheneOS Google-compatibility shim). T-REMEDIATE-B2-EXCISE
197:#   GmsCompat      -> handheld_system.mk:56
198:#   GmsCompatConfig -> late-*.mk install: system/app/GmsCompatConfig/
199:#   GmsCompatLib   -> late-*.mk install: system/app/GmsCompatLib/
239:# GmsCompat / GmsCompatConfig / GmsCompatLib / AppCompatConfig from the
240:# image (not “disabled but present”). DeviceLockController is the
244:#   Builder.apply(GmsCompatApp.PKG_NAME)
248:# skipped for GmsCompatApp.PKG_NAME in GosPackageStatePermission.java
256:    GmsCompat \
257:    GmsCompatConfig \
258:    GmsCompatLib \
259:    AppCompatConfig \
260:    DeviceLockController \
261:    DeviceLockControllerDebug
263:# SUPERSEDED (Wave C 2026-06-30 REGRESSION FIX): GmsCompat cluster was
350:# T-OS-FILES-MEDIA: in-tree media VIEW handlers. HTMLViewer (images) is already
352:# UniversalMediaPlayer (video) is NOT a default PRODUCT_PACKAGES entry; it
357:# lunch proves HTMLViewer + UniversalMediaPlayer in PRODUCT_PACKAGES (jpeg/png/
358:# webp VIEW via HTMLViewer; mp4/webm via UMP). ImageViewer priv-app not required.
359:# Gallery2 stays in GUARDTALK_APPS_PACKAGES. GmsCompat/AppCompatConfig filter-out
364:    HTMLViewer \
365:    UniversalMediaPlayer
788:# ContactsProvider, HTMLViewer, UniversalMediaPlayer) somehow landed in the
793:# T-OS-FILES-MEDIA / T-REMEDIATE-B3-VIEWER: UniversalMediaPlayer is not sourced
796:# excised. HTMLViewer stays via media_system.mk + KEEP (not a second +=).
797:PRODUCT_PACKAGES += UniversalMediaPlayer

--- packet rg (FusedLocation / gnssd / pkt / bip) ---
3:# NetworkLocation app.
10:# the Lassen modem-bridge daemon + test binary + constants (gnssd, gnss_test,
38:#   - T-REMEDIATE-B2-EXCISE item 8: FusedLocation is REMOVED (service absent,
44:# CRITICAL INVARIANT: The NetworkLocation app (app.grapheneos.networklocation,
45:# Soong module name `NetworkLocation`, added to PRODUCT_PACKAGES at
65:# FusedLocation is now an exact-name drop (T-REMEDIATE-B2-EXCISE item 8).
69:# LocationManagerService.Lifecycle. This file makes GNSS HAL + FusedLocation
73:# Layer 1 — Package layer: GNSS HAL packages, daemons, libs, NetworkLocation,
74:# FusedLocation, and radio leftover daemons (bipchmgr / wfc-pkt-router).
91:    gnssd \
95:    NetworkLocation \
96:    FusedLocation \
97:    bipchmgr \
98:    wfc-pkt-router
102:# GNSS-only tokens + exact NetworkLocation / FusedLocation names + radio
113:  $(findstring gnssd,$(1)), \
116:  $(findstring NetworkLocation,$(1)), \
117:  $(findstring FusedLocation,$(1)), \
118:  $(findstring bipchmgr,$(1)), \
119:  $(findstring wfc-pkt-router,$(1)))
131:#     the gnssd daemon, slsi_gnss_service -> android.hardware.gnss-service,
139:#   - vendor/etc/init/pktrouter.rc  (IMS packet router; vendor.pktrouter=1)
140:#   - vendor/etc/init/bipchmgr.rc   (BIP channel manager daemon)
151:  $(findstring /etc/init/pktrouter.rc,$(1)), \
152:  $(findstring /etc/init/bipchmgr.rc,$(1)))
161:# T-REMEDIATE-B2-EXCISE item 8: drop FusedLocation from the system_server
167:PRODUCT_SYSTEM_SERVER_APPS := $(filter-out FusedLocation,$(PRODUCT_SYSTEM_SERVER_APPS))
220:#   - init.gnss.rc (tokay.mk:1710): defines `service gnssd /vendor/bin/hw/gnssd`
223:#     copy-files filter above), init never loads the gnssd or

--- packet rg (GmsCompatApp.PKG_NAME) ---
166:                if (GmsCompatApp.PKG_NAME.equals(pkgName)) {

--- packet rg (LMS Lifecycle) ---
2391:                mSystemServiceManager.startService(LocationManagerService.Lifecycle.class);

--- packet rg (service stanzas in vendor init) ---

--- static product wiring ---
PASS: feature-excised includes apps-excised.mk
PASS: feature-excised includes loc-excised.mk
PASS: loc-excised drop list contains FusedLocation
PASS: loc-excised drop list contains gnssd
PASS: loc-excised drop list contains NetworkLocation
PASS: loc-excised drop list contains bipchmgr
PASS: loc-excised drop list contains wfc-pkt-router
PASS: loc-excised filter-out FusedLocation from PRODUCT_SYSTEM_SERVER_APPS
PASS: loc-excised drops init.gnss.rc from COPY_FILES
PASS: loc-excised drops pixel-gnss-default.rc from COPY_FILES
PASS: loc-excised drops pktrouter.rc from COPY_FILES
PASS: loc-excised drops bipchmgr.rc from COPY_FILES
PASS: apps-excised drop list contains GmsCompat
PASS: apps-excised drop list contains GmsCompatConfig
PASS: apps-excised drop list contains GmsCompatLib
PASS: apps-excised drop list contains AppCompatConfig
PASS: apps-excised drop list contains DeviceLockController
PASS: apps-excised drop list contains DeviceLockControllerDebug
PASS: apps-excised KEEP list contains HTMLViewer
PASS: apps-excised KEEP / add UniversalMediaPlayer
PASS: apps-excised explicitly adds UniversalMediaPlayer after filter-out
PASS: GosPackageStatePermission special-cases GmsCompatApp.PKG_NAME
PASS: GosPackageStatePermission log-and-return for missing GmsCompat

--- python structural rematch ---
PASS: GmsCompat is in GUARDTALK_APPS_PACKAGES drop list (remove, not disabled)
PASS: GmsCompatConfig is in GUARDTALK_APPS_PACKAGES drop list (remove, not disabled)
PASS: GmsCompatLib is in GUARDTALK_APPS_PACKAGES drop list (remove, not disabled)
PASS: AppCompatConfig is in GUARDTALK_APPS_PACKAGES drop list (remove, not disabled)
PASS: DeviceLockController is in GUARDTALK_APPS_PACKAGES drop list (remove, not disabled)
PASS: DeviceLockControllerDebug is in GUARDTALK_APPS_PACKAGES drop list (remove, not disabled)
PASS: HTMLViewer is in GUARDTALK_APPS_KEEP
PASS: UniversalMediaPlayer is in GUARDTALK_APPS_KEEP
PASS: GmsCompat is not restored via GUARDTALK_APPS_KEEP
PASS: GmsCompatConfig is not restored via GUARDTALK_APPS_KEEP
PASS: GmsCompatLib is not restored via GUARDTALK_APPS_KEEP
PASS: AppCompatConfig is not restored via GUARDTALK_APPS_KEEP
PASS: HTMLViewer is not in GUARDTALK_APPS_PACKAGES drop list
PASS: UniversalMediaPlayer is explicitly re-added after filter-out
PASS: FusedLocation is in GUARDTALK_LOC_PACKAGES drop list
PASS: gnssd is in GUARDTALK_LOC_PACKAGES drop list
PASS: NetworkLocation is in GUARDTALK_LOC_PACKAGES drop list
PASS: bipchmgr is in GUARDTALK_LOC_PACKAGES drop list
PASS: wfc-pkt-router is in GUARDTALK_LOC_PACKAGES drop list
PASS: loc-excised writes back PRODUCT_SYSTEM_SERVER_APPS without FusedLocation
PASS: loc-excised COPY_FILES drop includes /etc/init/init.gnss.rc
PASS: loc-excised COPY_FILES drop includes /etc/init/pixel-gnss-default.rc
PASS: loc-excised COPY_FILES drop includes /etc/init/pktrouter.rc
PASS: loc-excised COPY_FILES drop includes /etc/init/bipchmgr.rc
PASS: include order: apps-excised then loc-excised
PASS: GmsCompat special-case present in apply(String)
PASS: GmsCompat log-and-return precedes IS_DEBUGGABLE throw
PASS: GmsCompat branch returns before IS_DEBUGGABLE
PASS: pktrouter.rc has no service stanzas
PASS: bipchmgr.rc has no service stanzas
PASS: handheld_core_hardware declares no android.hardware.location* features
HOLD: LocationManagerService.Lifecycle still starts in SystemServer.java (lines [2391]; not FEATURE-gated; not GNSS-dead)
HOLD: BT start is FEATURE_BLUETOOTH-gated; location Lifecycle is not — LMS HOLD stands
HOLD: vendor.pktrouter=1 leftover in vendor.prop (no-op without rc; not FAIL)
PY_COUNTS PASS_COUNT=31 FAIL_COUNT=0 HOLD_COUNT=3
PASS: python structural rematch exit 0

--- lunch komodo-trunk_staging-user (independent; do not skip) ---
export BUILD_DATETIME=1782971948 BUILD_NUMBER=eng.openst
============================================
Commands from vendor/google_devices/komodo/cmds-for-envsetup.sh:
export BUILD_ID_komodo="BP4A.260205.002"
unset PLATFORM_SECURITY_PATCH_komodo
============================================
16:30:44 Build sandboxing disabled due to nsjail error.

============================================
PLATFORM_VERSION_CODENAME=Baklava
PLATFORM_VERSION=Baklava
TARGET_PRODUCT=komodo
TARGET_BUILD_VARIANT=user
TARGET_ARCH=arm64
TARGET_ARCH_VARIANT=armv9-a
TARGET_CPU_VARIANT=cortex-a76
HOST_OS=linux
HOST_OS_EXTRA=Linux-6.8.0-138-generic-x86_64-Ubuntu-24.04.4-LTS
BUILD_ID=BP4A.260205.002
PLATFORM_SECURITY_PATCH=2026-02-05
OUT_DIR=out
SOONG_ONLY=false
============================================
PASS: lunch komodo-trunk_staging-user exit 0
16:30:50 Build sandboxing disabled due to nsjail error.
16:30:56 Build sandboxing disabled due to nsjail error.
16:31:02 Build sandboxing disabled due to nsjail error.
16:31:10 Build sandboxing disabled due to nsjail error.
16:31:16 Build sandboxing disabled due to nsjail error.
DUMP_PKGS_BYTES=35221 DUMP_PKGS_WORDS=1392
DUMP_SSA_WORDS=5 DUMP_COPY_BYTES=638659
TARGET_PRODUCT=komodo
TARGET_BUILD_VARIANT=user
PASS: TARGET_PRODUCT=komodo
PASS: TARGET_BUILD_VARIANT=user (not userdebug)

--- user PRODUCT_PACKAGES (Law 0 remove, not disabled) ---
PASS: user PRODUCT_PACKAGES: GmsCompat ABSENT
PASS: user PRODUCT_PACKAGES: GmsCompatConfig ABSENT
PASS: user PRODUCT_PACKAGES: GmsCompatLib ABSENT
PASS: user PRODUCT_PACKAGES: AppCompatConfig ABSENT
PASS: user PRODUCT_PACKAGES: FusedLocation ABSENT
PASS: user PRODUCT_PACKAGES: gnssd ABSENT
PASS: user PRODUCT_PACKAGES: NetworkLocation ABSENT
PASS: user PRODUCT_PACKAGES: bipchmgr ABSENT
PASS: user PRODUCT_PACKAGES: wfc-pkt-router ABSENT
PASS: user PRODUCT_PACKAGES: DeviceLockController ABSENT
PASS: user PRODUCT_PACKAGES: DeviceLockControllerDebug ABSENT
PASS: user PRODUCT_PACKAGES: HTMLViewer PRESENT (KEEP)
PASS: user PRODUCT_PACKAGES: UniversalMediaPlayer PRESENT (KEEP)
PASS: user PRODUCT_PACKAGES: com.android.devicelock ABSENT

--- user PRODUCT_SYSTEM_SERVER_APPS ---
PASS: PRODUCT_SYSTEM_SERVER_APPS: FusedLocation ABSENT

--- user PRODUCT_COPY_FILES (gnss / pkt / bip rc) ---
PASS: PRODUCT_COPY_FILES: /etc/init/init.gnss.rc ABSENT
PASS: PRODUCT_COPY_FILES: /etc/init/pixel-gnss-default.rc ABSENT
PASS: PRODUCT_COPY_FILES: /etc/init/pktrouter.rc ABSENT
PASS: PRODUCT_COPY_FILES: /etc/init/bipchmgr.rc ABSENT

--- stale out/ APKs are NOT product truth (m not run) ---
HOLD: stale out/target/product/komodo APKs still present; not treated as product truth:
drwxrwxr-x+ 3 oss-c1 oss-c1 4096 Sep 15 05:14 out/target/product/komodo/system/priv-app/FusedLocation
HOLD: m not run this QA stamp (not a built user image; never device-fixed)
HOLD: on-device GNSS-dead not claimed (Q-ONDEVICE not started)

--- adb / device HOLD ---
List of devices attached
HOLD: adb devices empty / no komodo 54111FDAS000GN — device HOLD, never device-fixed

RESULT: PASS (host)  bash_PASS=55 bash_HOLD=4 PY_RC=0
LIVE_DEVICE_CLAIMED=false
LMS_START=HOLD
DEVICELOCK_APEX=HOLD_IF_PRESENT
PKTRTR_PROP=HOLD_IF_PRESENT
GNSS_DEAD_ONDEVICE=HOLD
DEVICE=HOLD
Q-ONDEVICE=not started
SUITE_COUNTS name=verify_remediate_b2_excise_host EXIT=0 PASS=86 FAIL=0 HOLD=7 VERDICT=PASS
======== END verify_remediate_b2_excise_host ========

======== BEGIN verify_remediate_b2_lms_host ========
=== Q-REMEDIATE-B2-LMS independent rematch (item 8 residual) ===
ROOT=/mnt/Big-Storage/GuardTalk/GrapheneOS-worktree
LIVE_DEVICE_CLAIMED=false
Q-ONDEVICE=not started
USB_GO=not started
EXCISE_SUITE_OVERWRITE=forbidden (historical LMS-start HOLD card)
PASS_HOLD=remains

--- required files ---
PASS: present: frameworks/base/services/java/com/android/server/SystemServer.java
PASS: present: vendor/guardtalk/feature-excised/handheld_core_hardware.prebuilt.xml
PASS: present: vendor/guardtalk/feature-excised/loc-excised.mk
PASS: present: vendor/guardtalk/feature-excised/apps-excised.mk
PASS: present: vendor/guardtalk/radio-excised/guardtalk-radio-excised.mk
PASS: present: vendor/guardtalk/docs/qa/verify_remediate_b2_excise_host.sh

--- packet rg (SystemServer LMS / BT FEATURE gates) ---
1783:                    (PackageManager.FEATURE_BLUETOOTH)) {
1786:                t.traceBegin("StartBluetoothService");
2384:            // Vendor loc-excised.mk already drops FEATURE_LOCATION on komodo;
2387:                    PackageManager.FEATURE_LOCATION)) {
2390:                t.traceBegin("StartLocationManagerService");
2391:                mSystemServiceManager.startService(LocationManagerService.Lifecycle.class);
2397:                    PackageManager.FEATURE_LOCATION)) {
2428:                    PackageManager.FEATURE_LOCATION)) {
3308:                                    PackageManager.FEATURE_BLUETOOTH_LE))) {

--- packet rg (handheld live vs comment location features) ---
21:       2. The android.hardware.location + android.hardware.location.network
26:          android.hardware.location.gps.prebuilt.xml from PRODUCT_PACKAGES).
89:    <!-- devices with GPS must include android.hardware.location.gps.xml -->

--- packet rg (loc-excised FusedLocation / gnssd) ---
10:# the Lassen modem-bridge daemon + test binary + constants (gnssd, gnss_test,
38:#   - T-REMEDIATE-B2-EXCISE item 8: FusedLocation is REMOVED (service absent,
65:# FusedLocation is now an exact-name drop (T-REMEDIATE-B2-EXCISE item 8).
69:# LocationManagerService.Lifecycle. This file makes GNSS HAL + FusedLocation
74:# FusedLocation, and radio leftover daemons (bipchmgr / wfc-pkt-router).
91:    gnssd \
96:    FusedLocation \
102:# GNSS-only tokens + exact NetworkLocation / FusedLocation names + radio
113:  $(findstring gnssd,$(1)), \
117:  $(findstring FusedLocation,$(1)), \
131:#     the gnssd daemon, slsi_gnss_service -> android.hardware.gnss-service,
161:# T-REMEDIATE-B2-EXCISE item 8: drop FusedLocation from the system_server
167:PRODUCT_SYSTEM_SERVER_APPS := $(filter-out FusedLocation,$(PRODUCT_SYSTEM_SERVER_APPS))
220:#   - init.gnss.rc (tokay.mk:1710): defines `service gnssd /vendor/bin/hw/gnssd`
223:#     copy-files filter above), init never loads the gnssd or

--- packet rg (KEEP HTMLViewer / UMP) ---
50:#   HTMLViewer               -> KEPT (T-OS-FILES-MEDIA). Was media_system.mk:32.
350:# T-OS-FILES-MEDIA: in-tree media VIEW handlers. HTMLViewer (images) is already
352:# UniversalMediaPlayer (video) is NOT a default PRODUCT_PACKAGES entry; it
357:# lunch proves HTMLViewer + UniversalMediaPlayer in PRODUCT_PACKAGES (jpeg/png/
358:# webp VIEW via HTMLViewer; mp4/webm via UMP). ImageViewer priv-app not required.
364:    HTMLViewer \
365:    UniversalMediaPlayer
788:# ContactsProvider, HTMLViewer, UniversalMediaPlayer) somehow landed in the
793:# T-OS-FILES-MEDIA / T-REMEDIATE-B3-VIEWER: UniversalMediaPlayer is not sourced
796:# excised. HTMLViewer stays via media_system.mk + KEEP (not a second +=).
797:PRODUCT_PACKAGES += UniversalMediaPlayer

--- packet rg (persist.radio.disabled) ---
21:    persist.radio.disabled=1

--- static product wiring (loc-excised still drops; KEEP; RIL) ---
PASS: loc-excised drop list contains FusedLocation
PASS: loc-excised drop list contains gnssd
PASS: loc-excised filter-out FusedLocation from PRODUCT_SYSTEM_SERVER_APPS
PASS: apps-excised KEEP list contains HTMLViewer
PASS: apps-excised KEEP / add UniversalMediaPlayer
PASS: radio-excised still sets persist.radio.disabled=1
PASS: radio-excised does not set persist.radio.disabled=0

--- python structural rematch (FEATURE_LOCATION else-gate) ---
PASS: BT FEATURE_BLUETOOTH: startServiceFromJar(BLUETOOTH_SERVICE_CLASS only inside hasSystemFeature(FEATURE_BLUETOOTH) else (start line(s) 1787; else opens line 1785)
PASS: LMS FEATURE_LOCATION: startService(LocationManagerService.Lifecycle.class) only inside hasSystemFeature(FEATURE_LOCATION) else (start line(s) 2391; else opens line 2389)
PASS: 12-line window above startService L2391 contains hasSystemFeature(FEATURE_LOCATION) and else
PASS: handheld_core_hardware.prebuilt.xml has no live <feature name="android.hardware.location*" tags
PASS: handheld still mentions android.hardware.location in comments (comment-only OK)
PASS: FusedLocation is in GUARDTALK_LOC_PACKAGES drop list
PASS: gnssd is in GUARDTALK_LOC_PACKAGES drop list
PASS: loc-excised still writes back PRODUCT_SYSTEM_SERVER_APPS without FusedLocation
PASS: HTMLViewer is in GUARDTALK_APPS_KEEP
PASS: UniversalMediaPlayer is in GUARDTALK_APPS_KEEP
PASS: HTMLViewer is not in GUARDTALK_APPS_PACKAGES drop list
PASS: guardtalk-radio-excised.mk still sets persist.radio.disabled=1
PASS: persist.radio.disabled=0 absent from radio-excised
PY_COUNTS PASS_COUNT=13 FAIL_COUNT=0 HOLD_COUNT=0
PASS: python structural rematch exit 0

--- lunch komodo-trunk_staging-user (independent; do not skip) ---
export BUILD_DATETIME=1782971948 BUILD_NUMBER=eng.openst
============================================
Commands from vendor/google_devices/komodo/cmds-for-envsetup.sh:
export BUILD_ID_komodo="BP4A.260205.002"
unset PLATFORM_SECURITY_PATCH_komodo
============================================
16:31:29 Build sandboxing disabled due to nsjail error.

============================================
PLATFORM_VERSION_CODENAME=Baklava
PLATFORM_VERSION=Baklava
TARGET_PRODUCT=komodo
TARGET_BUILD_VARIANT=user
TARGET_ARCH=arm64
TARGET_ARCH_VARIANT=armv9-a
TARGET_CPU_VARIANT=cortex-a76
HOST_OS=linux
HOST_OS_EXTRA=Linux-6.8.0-138-generic-x86_64-Ubuntu-24.04.4-LTS
BUILD_ID=BP4A.260205.002
PLATFORM_SECURITY_PATCH=2026-02-05
OUT_DIR=out
SOONG_ONLY=false
============================================
PASS: lunch komodo-trunk_staging-user exit 0
16:31:35 Build sandboxing disabled due to nsjail error.
16:31:41 Build sandboxing disabled due to nsjail error.
16:31:47 Build sandboxing disabled due to nsjail error.
16:31:56 Build sandboxing disabled due to nsjail error.
16:32:01 Build sandboxing disabled due to nsjail error.
DUMP_PKGS_BYTES=35221 DUMP_PKGS_WORDS=1392
DUMP_SSA_WORDS=5 DUMP_PROPS_BYTES=1731
TARGET_PRODUCT=komodo
TARGET_BUILD_VARIANT=user
PASS: TARGET_PRODUCT=komodo
PASS: TARGET_BUILD_VARIANT=user (not userdebug)

--- user PRODUCT_PACKAGES (FusedLocation/gnssd ABSENT; HTMLViewer/UMP PRESENT) ---
PASS: user PRODUCT_PACKAGES: FusedLocation ABSENT
PASS: user PRODUCT_PACKAGES: gnssd ABSENT
PASS: user PRODUCT_PACKAGES: HTMLViewer PRESENT (KEEP)
PASS: user PRODUCT_PACKAGES: UniversalMediaPlayer PRESENT (KEEP)

--- user PRODUCT_SYSTEM_SERVER_APPS ---
PASS: PRODUCT_SYSTEM_SERVER_APPS: FusedLocation ABSENT

--- user PRODUCT_PROPERTY_OVERRIDES (do not re-enable radios) ---
PASS: PRODUCT_PROPERTY_OVERRIDES contains persist.radio.disabled=1
PASS: PRODUCT_PROPERTY_OVERRIDES does not set persist.radio.disabled=0

--- runtime LMS-absent / m / adb HOLD (do not invent PASS) ---
HOLD: runtime LMS-absent not proven (no system_server log / service list; m not run)
HOLD: m not run this QA stamp (not a built user image; never device-fixed)
HOLD: PASS HOLD remains — this card does not lift it

--- adb / device HOLD ---
List of devices attached
HOLD: adb devices empty / no komodo 54111FDAS000GN — device HOLD, never device-fixed

RESULT: PASS (host)  bash_PASS=24 bash_FAIL=0 bash_HOLD=4 PY_RC=0
LIVE_DEVICE_CLAIMED=false
LMS_RUNTIME_ABSENT=HOLD
M=HOLD
DEVICE=HOLD
PASS_HOLD=remains
Q-ONDEVICE=not started
EXCISE_SUITE_UNTOUCHED=true
SUITE_COUNTS name=verify_remediate_b2_lms_host EXIT=0 PASS=37 FAIL=0 HOLD=4 VERDICT=PASS
======== END verify_remediate_b2_lms_host ========

======== BEGIN verify_remediate_b2_ltz_host ========
=== Q-REMEDIATE-B2-LTZ independent rematch (item 8 residual) ===
ROOT=/mnt/Big-Storage/GuardTalk/GrapheneOS-worktree
LIVE_DEVICE_CLAIMED=false
Q-ONDEVICE=not started
USB_GO=not started
LMS_SUITE_OVERWRITE=forbidden
EXCISE_SUITE_OVERWRITE=forbidden
PASS_HOLD=remains

--- required files ---
PASS: present: frameworks/base/services/java/com/android/server/SystemServer.java
PASS: present: frameworks/base/core/res/res/values/config.xml
PASS: present: vendor/guardtalk/feature-excised/handheld_core_hardware.prebuilt.xml
PASS: present: vendor/guardtalk/feature-excised/apps-excised.mk
PASS: present: vendor/guardtalk/radio-excised/guardtalk-radio-excised.mk
PASS: present: vendor/guardtalk/docs/qa/verify_remediate_b2_lms_host.sh
PASS: present: vendor/guardtalk/docs/qa/verify_remediate_b2_excise_host.sh
LMS_SUITE_SHA256=65055734bd4e097e9806563baec204324a4e5731a8efa0f7a58f99cef8c33a46
EXCISE_SUITE_SHA256=1c2bc3c630828634c31129aba57694329eb89c892cd8e740dcfb246b4e6b7f7a

--- packet rg (SystemServer CountryDetector / LTZ / LMS / GNSS / BT) ---
1783:                    (PackageManager.FEATURE_BLUETOOTH)) {
1879:        CountryDetectorService countryDetector = null;
2384:            // Vendor loc-excised.mk already drops FEATURE_LOCATION on komodo;
2387:                    PackageManager.FEATURE_LOCATION)) {
2391:                mSystemServiceManager.startService(LocationManagerService.Lifecycle.class);
2397:                    PackageManager.FEATURE_LOCATION)) {
2400:                t.traceBegin("StartCountryDetectorService");
2402:                    countryDetector = new CountryDetectorService(context);
2428:                    PackageManager.FEATURE_LOCATION)) {
2433:                    mSystemServiceManager.startService(LocationTimeZoneManagerService.Lifecycle.class);
2440:            if (context.getResources().getBoolean(R.bool.config_enableGnssTimeUpdateService)) {
2443:                    mSystemServiceManager.startService(GnssTimeUpdateService.Lifecycle.class);
3308:                                    PackageManager.FEATURE_BLUETOOTH_LE))) {
3363:        final CountryDetectorService countryDetectorF = countryDetector;
3559:                reportWtf("Notifying CountryDetectorService running", e);

--- packet rg (AOSP GNSS default) ---
2059:    <bool name="config_enableGnssTimeUpdateService">false</bool>

--- packet rg (KEEP HTMLViewer / UMP) ---
50:#   HTMLViewer               -> KEPT (T-OS-FILES-MEDIA). Was media_system.mk:32.
350:# T-OS-FILES-MEDIA: in-tree media VIEW handlers. HTMLViewer (images) is already
352:# UniversalMediaPlayer (video) is NOT a default PRODUCT_PACKAGES entry; it
357:# lunch proves HTMLViewer + UniversalMediaPlayer in PRODUCT_PACKAGES (jpeg/png/
358:# webp VIEW via HTMLViewer; mp4/webm via UMP). ImageViewer priv-app not required.
364:    HTMLViewer \
365:    UniversalMediaPlayer
788:# ContactsProvider, HTMLViewer, UniversalMediaPlayer) somehow landed in the
793:# T-OS-FILES-MEDIA / T-REMEDIATE-B3-VIEWER: UniversalMediaPlayer is not sourced
796:# excised. HTMLViewer stays via media_system.mk + KEEP (not a second +=).
797:PRODUCT_PACKAGES += UniversalMediaPlayer

--- packet rg (persist.radio.disabled) ---
21:    persist.radio.disabled=1

--- static product wiring (KEEP; RIL not re-enabled) ---
PASS: apps-excised KEEP list contains HTMLViewer
PASS: apps-excised KEEP / add UniversalMediaPlayer
PASS: radio-excised still sets persist.radio.disabled=1
PASS: radio-excised does not set persist.radio.disabled=0
PASS: AOSP config_enableGnssTimeUpdateService default is false
PASS: vendor/guardtalk xml/mk/java does not override config_enableGnssTimeUpdateService

--- python structural rematch (FEATURE_LOCATION else-gates) ---
PASS: BT FEATURE_BLUETOOTH: startServiceFromJar(BLUETOOTH_SERVICE_CLASS only inside hasSystemFeature(FEATURE_BLUETOOTH) else (start line(s) 1787; else opens line 1785)
PASS: LMS FEATURE_LOCATION (must remain): startService(LocationManagerService.Lifecycle.class) only inside hasSystemFeature(FEATURE_LOCATION) else (start line(s) 2391; else opens line 2389)
PASS: LMS FEATURE_LOCATION gate L2383–2393 still present (Lifecycle start + else); not rewritten with LTZ/CD/GNSS
PASS: CountryDetector FEATURE_LOCATION construct: new CountryDetectorService only inside hasSystemFeature(FEATURE_LOCATION) else (start line(s) 2402; else opens line 2399)
PASS: CountryDetector FEATURE_LOCATION addService: ServiceManager.addService(Context.COUNTRY_DETECTOR only inside hasSystemFeature(FEATURE_LOCATION) else (start line(s) 2403; else opens line 2399)
PASS: CountryDetector construct window: 12-line window above L2402 contains FEATURE_LOCATION, hasSystemFeature and else
PASS: LTZ FEATURE_LOCATION: startService(LocationTimeZoneManagerService.Lifecycle.class) only inside hasSystemFeature(FEATURE_LOCATION) else (start line(s) 2433; else opens line 2430)
PASS: LTZ startService window: 12-line window above L2433 contains FEATURE_LOCATION, hasSystemFeature and else
PASS: exactly one LMS Lifecycle start site (L2391)
PASS: exactly one CountryDetector construct site (L2402)
PASS: exactly one LTZ Lifecycle start site (L2433)
PASS: exactly one GNSS Lifecycle start site (L2443)
PASS: GNSS start is not inside a FEATURE_LOCATION else (not invented)
PASS: GNSS start L2443 still behind config_enableGnssTimeUpdateService
PASS: AOSP config.xml config_enableGnssTimeUpdateService is false
PASS: no vendor/guardtalk xml/mk/java GNSS overlay of config_enableGnssTimeUpdateService
PASS: MakeCountryDetectionServiceReady still null-checks countryDetectorF
PASS: HTMLViewer is in GUARDTALK_APPS_KEEP
PASS: UniversalMediaPlayer is in GUARDTALK_APPS_KEEP
PASS: HTMLViewer is not in GUARDTALK_APPS_PACKAGES drop list
PASS: guardtalk-radio-excised.mk still sets persist.radio.disabled=1
PASS: persist.radio.disabled=0 absent from radio-excised
PASS: handheld_core_hardware.prebuilt.xml has no live <feature name="android.hardware.location*" tags
PY_COUNTS PASS_COUNT=23 FAIL_COUNT=0 HOLD_COUNT=0
PASS: python structural rematch exit 0

--- lunch komodo-trunk_staging-user (independent; do not skip) ---
export BUILD_DATETIME=1782971948 BUILD_NUMBER=eng.openst
============================================
Commands from vendor/google_devices/komodo/cmds-for-envsetup.sh:
export BUILD_ID_komodo="BP4A.260205.002"
unset PLATFORM_SECURITY_PATCH_komodo
============================================
16:32:09 Build sandboxing disabled due to nsjail error.

============================================
PLATFORM_VERSION_CODENAME=Baklava
PLATFORM_VERSION=Baklava
TARGET_PRODUCT=komodo
TARGET_BUILD_VARIANT=user
TARGET_ARCH=arm64
TARGET_ARCH_VARIANT=armv9-a
TARGET_CPU_VARIANT=cortex-a76
HOST_OS=linux
HOST_OS_EXTRA=Linux-6.8.0-138-generic-x86_64-Ubuntu-24.04.4-LTS
BUILD_ID=BP4A.260205.002
PLATFORM_SECURITY_PATCH=2026-02-05
OUT_DIR=out
SOONG_ONLY=false
============================================
PASS: lunch komodo-trunk_staging-user exit 0
16:32:15 Build sandboxing disabled due to nsjail error.
16:32:21 Build sandboxing disabled due to nsjail error.
16:32:27 Build sandboxing disabled due to nsjail error.
16:32:36 Build sandboxing disabled due to nsjail error.
DUMP_PKGS_BYTES=35221 DUMP_PKGS_WORDS=1392
DUMP_PROPS_BYTES=1731
TARGET_PRODUCT=komodo
TARGET_BUILD_VARIANT=user
PASS: TARGET_PRODUCT=komodo
PASS: TARGET_BUILD_VARIANT=user (not userdebug)

--- user PRODUCT_PACKAGES (HTMLViewer/UMP KEEP; radios not restored) ---
PASS: user PRODUCT_PACKAGES: HTMLViewer PRESENT (KEEP)
PASS: user PRODUCT_PACKAGES: UniversalMediaPlayer PRESENT (KEEP)
PASS: user PRODUCT_PACKAGES: Bluetooth ABSENT

--- user PRODUCT_PROPERTY_OVERRIDES (do not re-enable radios) ---
PASS: PRODUCT_PROPERTY_OVERRIDES contains persist.radio.disabled=1
PASS: PRODUCT_PROPERTY_OVERRIDES does not set persist.radio.disabled=0

--- runtime LTZ/CountryDetector-absent / m / adb HOLD (do not invent PASS) ---
HOLD: runtime LTZ-absent not proven (no system_server log / service list; m not run)
HOLD: runtime CountryDetector-absent not proven (no service list; m not run)
HOLD: m not run this QA stamp (not a built user image; never device-fixed)
HOLD: PASS HOLD remains — this card does not lift it

--- adb / device HOLD ---
List of devices attached
HOLD: adb devices empty / no komodo 54111FDAS000GN — device HOLD, never device-fixed

--- LMS / EXCISE suites not overwritten ---
PASS: LMS suite SHA256 unchanged (65055734bd4e097e9806563baec204324a4e5731a8efa0f7a58f99cef8c33a46)
PASS: EXCISE suite SHA256 unchanged (1c2bc3c630828634c31129aba57694329eb89c892cd8e740dcfb246b4e6b7f7a)

RESULT: PASS (host)  bash_PASS=24 bash_FAIL=0 bash_HOLD=5 PY_RC=0
LIVE_DEVICE_CLAIMED=false
LTZ_RUNTIME_ABSENT=HOLD
COUNTRYDETECTOR_RUNTIME_ABSENT=HOLD
M=HOLD
DEVICE=HOLD
PASS_HOLD=remains
Q-ONDEVICE=not started
LMS_SUITE_UNTOUCHED=true
EXCISE_SUITE_UNTOUCHED=true
SUITE_COUNTS name=verify_remediate_b2_ltz_host EXIT=0 PASS=47 FAIL=0 HOLD=5 VERDICT=PASS
======== END verify_remediate_b2_ltz_host ========

======== BEGIN verify_remediate_b2_telemetry_host ========
=== Q-REMEDIATE-B2-TELEMETRY independent rematch (items 11,14) ===
ROOT=/mnt/Big-Storage/GuardTalk/GrapheneOS-worktree
LIVE_DEVICE_CLAIMED=false
Q-ONDEVICE=not started
Q-EXCISE=not started
Q-KERNEL=not started
USB_GO=not started
STALE_OUT_VENDOR_BUILD_PROP=HOLD (not SoT)

--- required files ---
PASS: present: vendor/google_devices/komodo/sysprop/vendor.prop
PASS: present: vendor/guardtalk/device/komodo/guardtalk-telemetry.mk
PASS: present: vendor/guardtalk/device/komodo/init.guardtalk.telemetry.rc
PASS: present: vendor/guardtalk/device/komodo/guardtalk-production-hardening.mk
PASS: present: vendor/guardtalk/radio-excised/guardtalk-radio-excised.mk
PASS: present: vendor/guardtalk/device/komodo/REGEN_HOOKS.md

--- packet rg (exif / silentlog / modem / ril mask) ---
vendor/google_devices/komodo/sysprop/vendor.prop:55:persist.vendor.camera.exif_reveal_make_model=false
vendor/guardtalk/device/komodo/init.guardtalk.telemetry.rc:9:    setprop persist.vendor.camera.exif_reveal_make_model false
vendor/guardtalk/device/komodo/REGEN_HOOKS.md:96:persist.vendor.camera.exif_reveal_make_model=false

79:persist.vendor.sys.silentlog.tcp=Off
78:persist.vendor.sys.modem.logging.enable=false
73:persist.vendor.ril.log_mask=0

--- vendor.prop defaults (source of record; not stale out/) ---
PASS: vendor.prop EXIF make/model false
PASS: vendor.prop EXIF make/model is not true
PASS: vendor.prop silentlog.tcp=Off
PASS: vendor.prop silentlog.tcp is not On
PASS: vendor.prop modem.logging.enable=false
PASS: vendor.prop modem.logging.enable is not true
PASS: vendor.prop ril.log_mask=0
PASS: vendor.prop ril.log_mask is not a nonzero Pixel mask

--- overlay mk + vendor init re-assert ---
PASS: production-hardening.mk includes guardtalk-telemetry.mk
PASS: telemetry.mk copies init.guardtalk.telemetry.rc to vendor/etc/init
PASS: telemetry.mk PRODUCT_PROPERTY_OVERRIDES logd.logpersistd.enable=false
PASS: telemetry.mk user-gates logpersist.start/logcatd drop
PASS: telemetry.mk filter-out logpersist.start logcatd on user
PASS: telemetry.mk does not add packages
PASS: telemetry.mk does not PRODUCT_PROPERTY_OVERRIDES EXIF vendor.prop key
PASS: telemetry.mk does not PRODUCT_PROPERTY_OVERRIDES silentlog vendor.prop key
PASS: telemetry.mk does not PRODUCT_PROPERTY_OVERRIDES modem.logging vendor.prop key
PASS: telemetry.mk does not PRODUCT_PROPERTY_OVERRIDES ril.log_mask vendor.prop key
PASS: telemetry.rc re-asserts EXIF false
PASS: telemetry.rc re-asserts silentlog Off
PASS: telemetry.rc re-asserts modem.logging false
PASS: telemetry.rc re-asserts ril.log_mask 0
PASS: telemetry.rc re-asserts logd.logpersistd.enable false
PASS: telemetry.rc clears persist.logd.logpersistd
PASS: telemetry.rc trigger is on post-fs-data

--- RIL stays disabled (must not re-enable) ---
PASS: radio-excised still sets persist.radio.disabled=1
PASS: no persist.radio.disabled=0 in vendor/guardtalk mk/rc/prop/bp

--- KERNEL rc / apps-excised not this card ---
PASS: init.guardtalk.hardening.rc has no telemetry bleed
PASS: apps-excised.mk has no telemetry bleed

--- python structural rematch ---
PASS: vendor.prop exact persist.vendor.camera.exif_reveal_make_model=false
PASS: vendor.prop exact persist.vendor.sys.silentlog.tcp=Off
PASS: vendor.prop exact persist.vendor.sys.modem.logging.enable=false
PASS: vendor.prop exact persist.vendor.ril.log_mask=0
PASS: vendor.prop persist.vendor.camera.exif_reveal_make_model is not Pixel default true
PASS: vendor.prop persist.vendor.sys.silentlog.tcp is not Pixel default On
PASS: vendor.prop persist.vendor.sys.modem.logging.enable is not Pixel default true
PASS: vendor.prop ril.log_mask is 0 (not Pixel 3)
PASS: harden mk includes telemetry overlay
PASS: user block filter-out logpersist.start logcatd
PASS: user block is filter-out only
PASS: telemetry.mk does not duplicate vendor.prop key persist.vendor.camera.exif_reveal_make_model
PASS: telemetry.mk does not duplicate vendor.prop key persist.vendor.sys.silentlog.tcp
PASS: telemetry.mk does not duplicate vendor.prop key persist.vendor.sys.modem.logging.enable
PASS: telemetry.mk does not duplicate vendor.prop key persist.vendor.ril.log_mask
PASS: telemetry.mk sets logd.logpersistd.enable=false
PASS: telemetry.rc has post-fs-data
PASS: telemetry.rc has setprop persist.vendor.camera.exif_reveal_make_model false
PASS: telemetry.rc has setprop persist.vendor.sys.silentlog.tcp Off
PASS: telemetry.rc has setprop persist.vendor.sys.modem.logging.enable false
PASS: telemetry.rc has setprop persist.vendor.ril.log_mask 0
PASS: telemetry.rc has setprop logd.logpersistd.enable false
PASS: telemetry.rc does not touch persist.radio.disabled
PASS: radio-excised persist.radio.disabled=1 remains
PASS: radio-excised does not set persist.radio.disabled=0
PY_COUNTS PASS_COUNT=25 FAIL_COUNT=0 HOLD_COUNT=0
PASS: python structural rematch exit 0

--- lunch komodo-trunk_staging-user (independent; do not skip) ---
export BUILD_DATETIME=1782971948 BUILD_NUMBER=eng.openst
============================================
Commands from vendor/google_devices/komodo/cmds-for-envsetup.sh:
export BUILD_ID_komodo="BP4A.260205.002"
unset PLATFORM_SECURITY_PATCH_komodo
============================================
16:32:42 Build sandboxing disabled due to nsjail error.

============================================
PLATFORM_VERSION_CODENAME=Baklava
PLATFORM_VERSION=Baklava
TARGET_PRODUCT=komodo
TARGET_BUILD_VARIANT=user
TARGET_ARCH=arm64
TARGET_ARCH_VARIANT=armv9-a
TARGET_CPU_VARIANT=cortex-a76
HOST_OS=linux
HOST_OS_EXTRA=Linux-6.8.0-138-generic-x86_64-Ubuntu-24.04.4-LTS
BUILD_ID=BP4A.260205.002
PLATFORM_SECURITY_PATCH=2026-02-05
OUT_DIR=out
SOONG_ONLY=false
============================================
PASS: lunch komodo-trunk_staging-user exit 0
16:32:48 Build sandboxing disabled due to nsjail error.
16:32:54 Build sandboxing disabled due to nsjail error.
16:33:00 Build sandboxing disabled due to nsjail error.
16:33:06 Build sandboxing disabled due to nsjail error.
16:33:14 Build sandboxing disabled due to nsjail error.
TARGET_PRODUCT=komodo
TARGET_BUILD_VARIANT=user
PASS: TARGET_PRODUCT=komodo
PASS: TARGET_BUILD_VARIANT=user (not userdebug)
PASS: user PRODUCT_PACKAGES: logpersist.start and logcatd ABSENT
PASS: PRODUCT_PROPERTY_OVERRIDES contains logd.logpersistd.enable=false
PASS: PRODUCT_PROPERTY_OVERRIDES does not set logd.logpersistd.enable=true
PASS: PRODUCT_PROPERTY_OVERRIDES contains persist.radio.disabled=1 (RIL stays disabled)
PASS: PRODUCT_PROPERTY_OVERRIDES does not set persist.radio.disabled=0
PASS: PRODUCT_COPY_FILES includes init.guardtalk.telemetry.rc

--- lunch komodo-trunk_staging-userdebug (sidecar adversarial; not product) ---
============================================
Commands from vendor/google_devices/komodo/cmds-for-envsetup.sh:
export BUILD_ID_komodo="BP4A.260205.002"
unset PLATFORM_SECURITY_PATCH_komodo
============================================
16:33:27 Build sandboxing disabled due to nsjail error.

============================================
PLATFORM_VERSION_CODENAME=Baklava
PLATFORM_VERSION=Baklava
TARGET_PRODUCT=komodo
TARGET_BUILD_VARIANT=userdebug
TARGET_ARCH=arm64
TARGET_ARCH_VARIANT=armv9-a
TARGET_CPU_VARIANT=cortex-a76
HOST_OS=linux
HOST_OS_EXTRA=Linux-6.8.0-138-generic-x86_64-Ubuntu-24.04.4-LTS
BUILD_ID=BP4A.260205.002
PLATFORM_SECURITY_PATCH=2026-02-05
OUT_DIR=out
SOONG_ONLY=false
============================================
16:33:33 Build sandboxing disabled due to nsjail error.
16:33:39 Build sandboxing disabled due to nsjail error.
userdebug TARGET_BUILD_VARIANT=userdebug
PASS: sidecar lunch is userdebug (not product truth)
PASS: sidecar PRODUCT_PACKAGES still has logpersist.start/logcatd (userdebug leftover is NOT product)

--- stale out/vendor/build.prop (HOLD until rebuild; not PASS/FAIL of this card) ---
--- stale vendor.prop telemetry keys ---
86:persist.vendor.camera.exif_reveal_make_model=true
104:persist.vendor.ril.log_mask=3
109:persist.vendor.sys.modem.logging.enable=true
110:persist.vendor.sys.silentlog.tcp=On
HOLD: stale out/vendor/build.prop still Pixel true/On/log_mask=3 — HOLD until rebuild (not FAIL)
HOLD: m not run this QA stamp (stale vendor/build.prop not product truth; never device-fixed)

--- adb / on-device EXIF / /data log dirs ---
List of devices attached
HOLD: adb devices empty / no komodo 54111FDAS000GN — device HOLD, EXIF HOLD, /data log dirs HOLD, never device-fixed
HOLD: on-device photo EXIF HOLD (Q-REMEDIATE-B2-ONDEVICE BLOCKED)
HOLD: runtime /data vendor log dirs HOLD (slog / sit-ril / logpersist not proven empty live)

RESULT: PASS (host)  bash_PASS=47 bash_HOLD=5 PY_RC=0
LIVE_DEVICE_CLAIMED=false
STALE_OUT_VENDOR_BUILD_PROP=HOLD
ONDEVICE_EXIF=HOLD
DATA_LOG_DIRS=HOLD
DEVICE=HOLD
PASS_HOLD=remains
SUITE_COUNTS name=verify_remediate_b2_telemetry_host EXIT=0 PASS=72 FAIL=0 HOLD=5 VERDICT=PASS
======== END verify_remediate_b2_telemetry_host ========

======== BEGIN verify_remediate_b2_yama_host ========
=== Q-REMEDIATE-B2-YAMA independent rematch (Makefile absent + SOP) ===
ROOT=/mnt/Big-Storage/GuardTalk/GrapheneOS-worktree
LIVE_DEVICE_CLAIMED=false
PASS_HOLD=remains
USB_GO=not started
M=not started
IMAGE_REWRITE=not started
Q-ONDEVICE=not started
MAKEFILE_INCLUDE_REQUIRED=false (REJECTED path)

--- required files ---
PASS: present: device/google/caimito-kernels/6.1/guardtalk-security-yama.config
PASS: present: device/google/caimito-kernels/6.1/grapheneos/System.map
PASS: present: device/google/caimito-kernels/6.1/grapheneos/Image.lz4
PASS: present: vendor/guardtalk/device/komodo/REGEN_HOOKS.md
PASS: present: vendor/guardtalk/docs/qa/verify_remediate_b2_kernel_static.sh

--- 1. orphan Makefile ABSENT (test ! -f) ---
PASS: test ! -f device/google/caimito-kernels/6.1/Makefile (ABSENT)
PASS: device/google/caimito-kernels/6.1/Makefile not present as any type

--- 2. no Makefile/Android.mk/Android.bp/*.mk (maxdepth 3, ignore .git) ---
PASS: no Makefile/Android.mk/Android.bp/*.mk under device/google/caimito-kernels/6.1 (maxdepth 3, .git pruned)

--- 3. fragment CONFIG_SECURITY_YAMA=y ---
PASS: fragment has CONFIG_SECURITY_YAMA=y

--- 4. REGEN_HOOKS out-of-tree merge_config.sh SOP (not Makefile include) ---
PASS: REGEN_HOOKS.md documents scripts/kconfig/merge_config.sh
PASS: REGEN_HOOKS.md names guardtalk-security-yama.config
PASS: REGEN_HOOKS.md documents out-of-tree kernel rebuild
PASS: REGEN_HOOKS.md forbids adding Makefile/Android.mk/Android.bp under caimito-kernels/6.1
PASS: fragment not Makefile-included (docs/README/REGEN_HOOKS only)

--- 6. live System.map __lsm_yama ABSENT is HOLD (not FAIL; do not invent PRESENT) ---
HOLD: live grapheneos/System.map __lsm_yama ABSENT (YAMA not in prebuilt Image)
86323:ffff80000a328cd0 d __lsm_capability
86325:ffff80000a328d00 d __lsm_selinux
86326:ffff80000a328d30 d __lsm_safesetid_security_init
86327:ffff80000a328d60 d __lsm_integrity
PASS: live System.map LSM set includes capability/selinux/safesetid/integrity
Image.lz4 mtime=2026-05-25 09:26:07
HOLD: Image.lz4 present (mtime 2026-05-25 09:26:07); not treated as rebuilt

--- 5. re-run Q-KERNEL suite (do not overwrite the KERNEL script) ---
HOLD: verify_sec_p5_static.sh still asserts paranoid 3 (historical P5; not SoT)
PASS: PRODUCTION_HARDENING_POLICY.md table lists paranoid 2

--- init-perfetto residual (not this card) ---
HOLD: init-perfetto.rc can still write paranoid -1/1/3 (traced/perf_harden; not item 9 SoT)

--- stale out/ copies (m not run) ---
HOLD: stale out/komodo init.guardtalk.hardening.rc still has paranoid 3 until rebuild
HOLD: stale out product rc copies lack bpf=1 (m not run)

--- adb / on-device /proc/sys ---
List of devices attached
HOLD: adb empty; on-device /proc/sys HOLD; Q-ONDEVICE not started

RESULT: PASS (host static)  PASS_COUNT=28 HOLD_COUNT=8 FAIL=0 EXIT=0
LIVE_DEVICE_CLAIMED=false
YAMA_LIVE_IMAGE=HOLD
PROC_SYS=HOLD
DEVICE=HOLD
P5_SCRIPT=HOLD (not SoT)
PASS: verify_remediate_b2_kernel_static.sh EXIT=0
PASS: KERNEL suite YAMA_LIVE_IMAGE=HOLD
PASS: KERNEL suite did not report __lsm_yama PRESENT
PASS: KERNEL suite RESULT is not FAIL

--- 6b. adb empty → HOLD; do not lift PASS HOLD ---
List of devices attached
HOLD: adb empty; on-device /proc/sys HOLD; Q-ONDEVICE not started
HOLD: PASS HOLD remains (not lifted)

RESULT: PASS (host static)  PASS_COUNT=19 HOLD_COUNT=4 FAIL=0 EXIT=0
LIVE_DEVICE_CLAIMED=false
YAMA_LIVE_IMAGE=HOLD
PROC_SYS=HOLD
DEVICE=HOLD
PASS_HOLD=remains
MAKEFILE_INCLUDE_REQUIRED=false
SUITE_COUNTS name=verify_remediate_b2_yama_host EXIT=0 PASS=20 FAIL=0 HOLD=9 VERDICT=PASS
======== END verify_remediate_b2_yama_host ========

======== BEGIN verify_remediate_b3_sensors_host ========
=== Q-REMEDIATE-B3-SENSORS independent rematch (item 17) ===
ROOT=/mnt/Big-Storage/GuardTalk/GrapheneOS-worktree
LIVE_DEVICE_CLAIMED=false
Q-REMEDIATE-B3-OSUX-DEVICE=not started (BLOCKED; not folded here)
USB_GO=not started
T/F reports: not trusted

--- required files ---
PASS: present: vendor/guardtalk/overlays/GuardTalkFrameworksBaseOverlay/res/values/config.xml
PASS: present: vendor/guardtalk/overlays/GuardTalkSystemUIOverlay/res/values/config.xml
PASS: present: vendor/guardtalk/feature-excised/apps-excised.mk
PASS: present: vendor/guardtalk/feature-excised/feature-overlays.mk
PASS: present: vendor/guardtalk/radio-excised/telephony-features.mk
PASS: present: frameworks/base/services/core/java/com/android/server/sensorprivacy/SensorPrivacyService.java
PASS: present: frameworks/base/services/core/java/com/android/server/sensorprivacy/GuardTalkSensorPrivacyHooks.java
PASS: present: frameworks/base/core/java/android/guardtalk/GuardTalkSensorPrivacyPolicy.java
PASS: present: vendor/guardtalk/apps/GuardTalkValidator/src/com/guardtalk/validator/SensorToggleHelper.kt
PASS: present: vendor/guardtalk/apps/GuardTalkValidator/src/com/guardtalk/validator/SensorToggleViews.kt
PASS: present: vendor/guardtalk/apps/GuardTalkValidator/src/com/guardtalk/validator/EscapeMenu.kt
PASS: present: packages/apps/Settings/src/com/android/settings/privacy/SensorToggleController.java
PASS: present: packages/apps/Settings/src/com/android/settings/guardtalk/GuardTalkSensorPrivacyHelper.java
PASS: present: frameworks/base/core/res/res/values/config.xml
PASS: present: frameworks/base/packages/SystemUI/src/com/android/systemui/qs/tiles/CameraToggleTile.java
PASS: present: frameworks/base/packages/SystemUI/src/com/android/systemui/qs/tiles/MicrophoneToggleTile.java
PASS: present: frameworks/base/packages/SystemUI/src/com/android/systemui/qs/tiles/SensorPrivacyToggleTile.java
PASS: present: frameworks/base/packages/SystemUI/src/com/android/systemui/statusbar/policy/PolicyModule.kt
PASS: present: vendor/guardtalk/apps/GuardTalkValidator/privapp-permissions-com.guardtalk.validator.xml
PASS: present: vendor/guardtalk/apps/GuardTalkValidator/Android.bp
PASS: present: vendor/guardtalk/apps/GuardTalkValidator/AndroidManifest.xml

--- packet rg (overlay bools / QS specs / Pixel overlay) ---
vendor/guardtalk/feature-excised/apps-excised.mk:461:    PixelConfigOverlayCommon \
vendor/guardtalk/overlays/GuardTalkFrameworksBaseOverlay/res/values/config.xml:25:         AOSP defaults config_supportsMicToggle / config_supportsCamToggle
vendor/guardtalk/overlays/GuardTalkFrameworksBaseOverlay/res/values/config.xml:27:         set both true in PixelConfigOverlayCommon, which Wave D excised
vendor/guardtalk/overlays/GuardTalkFrameworksBaseOverlay/res/values/config.xml:33:         cert). Do NOT restore the rest of PixelConfigOverlayCommon (Pixel
vendor/guardtalk/overlays/GuardTalkFrameworksBaseOverlay/res/values/config.xml:37:    <bool name="config_supportsMicToggle">true</bool>
vendor/guardtalk/overlays/GuardTalkFrameworksBaseOverlay/res/values/config.xml:38:    <bool name="config_supportsCamToggle">true</bool>

24:         battery,mictoggle,cameratoggle,location,nfc
42:         (phone). Tail placement left mictoggle/cameratoggle off the visible
45:         lockdown QS policy (no lockdown tile). -->
47:        mictoggle,cameratoggle,internet,dnd,airplane,flashlight,rotation,alarm,screenrecord,battery,location
53:           battery (Battery Saver), mictoggle, cameratoggle, autoreboot
55:         Forbidden tiles absent: lockdown, usb, wipe, duress.
58:        internet,flashlight,dnd,modes_dnd,alarm,airplane,controls,wallet,rotation,battery,mictoggle,cameratoggle,autoreboot,batteryShare,cast,screenrecord,location,hotspot,inversion,saver,dark,work,night,reverse,reduce_brightness,qr_code_scanner,onehanded,color_correction,dream,font_scaling,record_issue,notes,desktopeffects
63:         F-REMEDIATE-B3-SENSORS: mictoggle/cameratoggle lead the panel (same
66:        mictoggle,cameratoggle,internet,flashlight,dnd,alarm,airplane,controls,wallet,rotation,battery,cast,screenrecord,custom(com.android.permissioncontroller/.permission.service.v33.SafetyCenterQsTileService)

--- packet rg (allowToggleChange / mustDenySensors / polarity) ---
packages/apps/Settings/src/com/android/settings/privacy/SensorToggleController.java:172:        final boolean accessOn = isChecked();
packages/apps/Settings/src/com/android/settings/privacy/SensorToggleController.java:173:        if (isSensorEnableBlocked() && !accessOn) {
vendor/guardtalk/apps/GuardTalkValidator/src/com/guardtalk/validator/SensorToggleHelper.kt:16: * `accessOn == !isSensorPrivacyEnabled`. Privacy-ON (access off) is always
vendor/guardtalk/apps/GuardTalkValidator/src/com/guardtalk/validator/SensorToggleHelper.kt:18: * [GuardTalkSensorPrivacyPolicy.mustDenySensors] is true so lockdown-when-locked
vendor/guardtalk/apps/GuardTalkValidator/src/com/guardtalk/validator/SensorToggleHelper.kt:32:            !spm.isSensorPrivacyEnabled(sensor)
vendor/guardtalk/apps/GuardTalkValidator/src/com/guardtalk/validator/SensorToggleHelper.kt:44:    fun setAccessOn(context: Context, sensor: Int, accessOn: Boolean): Boolean {
vendor/guardtalk/apps/GuardTalkValidator/src/com/guardtalk/validator/SensorToggleHelper.kt:45:        if (accessOn && isEnableBlocked(context)) {
vendor/guardtalk/apps/GuardTalkValidator/src/com/guardtalk/validator/SensorToggleHelper.kt:50:            spm.setSensorPrivacy(SensorPrivacyManager.Sources.OTHER, sensor, !accessOn)
vendor/guardtalk/apps/GuardTalkValidator/src/com/guardtalk/validator/SensorToggleHelper.kt:75:        return GuardTalkSensorPrivacyPolicy.mustDenySensors(
frameworks/base/services/core/java/com/android/server/sensorprivacy/SensorPrivacyService.java:364:            mSensorPrivacyStateController.setSensorPrivacyListener(
frameworks/base/services/core/java/com/android/server/sensorprivacy/SensorPrivacyService.java:815:        public void setSensorPrivacy(boolean enable) {
frameworks/base/services/core/java/com/android/server/sensorprivacy/SensorPrivacyService.java:851:            if (mGuardTalkHooks != null && !mGuardTalkHooks.allowToggleChange(userId, enable)) {
frameworks/base/services/core/java/com/android/server/sensorprivacy/SensorPrivacyService.java:852:                Log.i(TAG, "Dropping setToggleSensorPrivacy: GuardTalk allowToggleChange=false"
frameworks/base/services/core/java/com/android/server/sensorprivacy/SensorPrivacyService.java:894:                    && !mGuardTalkHooks.allowToggleChange(userId, state != DISABLED)) {
frameworks/base/services/core/java/com/android/server/sensorprivacy/SensorPrivacyService.java:895:                Log.i(TAG, "Dropping setToggleSensorPrivacyState: GuardTalk allowToggleChange=false"
frameworks/base/services/core/java/com/android/server/sensorprivacy/SensorPrivacyService.java:1129:                // decision via allowToggleChange: privacy-ON always persists;
frameworks/base/services/core/java/com/android/server/sensorprivacy/SensorPrivacyService.java:1131:                if (mGuardTalkHooks == null || !mGuardTalkHooks.ownsLockToggleAuthority()) {
frameworks/base/services/core/java/com/android/server/sensorprivacy/SensorPrivacyService.java:1301:        public boolean isSensorPrivacyEnabled() {
frameworks/base/services/core/java/com/android/server/sensorprivacy/SensorPrivacyService.java:2049:        public boolean isSensorPrivacyEnabled(int userId, int sensor) {
frameworks/base/services/core/java/com/android/server/sensorprivacy/GuardTalkSensorPrivacyHooks.java:46: * privacy-OFF is rejected only while {@link #mustDenySensors} applies.
frameworks/base/services/core/java/com/android/server/sensorprivacy/GuardTalkSensorPrivacyHooks.java:151:    boolean ownsLockToggleAuthority() {
frameworks/base/services/core/java/com/android/server/sensorprivacy/GuardTalkSensorPrivacyHooks.java:157:    boolean mustDenySensors(int userId) {
frameworks/base/services/core/java/com/android/server/sensorprivacy/GuardTalkSensorPrivacyHooks.java:161:        return GuardTalkSensorPrivacyPolicy.mustDenySensors(
frameworks/base/services/core/java/com/android/server/sensorprivacy/GuardTalkSensorPrivacyHooks.java:171:        return toggleEnabled || mustDenySensors(userId);
frameworks/base/services/core/java/com/android/server/sensorprivacy/GuardTalkSensorPrivacyHooks.java:183:    boolean allowToggleChange(int userId, boolean enablePrivacy) {
frameworks/base/services/core/java/com/android/server/sensorprivacy/GuardTalkSensorPrivacyHooks.java:213:        pw.println("ownsLockToggleAuthority=" + ownsLockToggleAuthority());
frameworks/base/services/core/java/com/android/server/sensorprivacy/GuardTalkSensorPrivacyHooks.java:219:        pw.println("mustDenySensors=" + GuardTalkSensorPrivacyPolicy.mustDenySensors(

--- python structural rematch ---
PASS: GuardTalkFrameworksBaseOverlay config_supportsMicToggle=true (live bool, not comment)
PASS: GuardTalkFrameworksBaseOverlay config_supportsCamToggle=true (live bool, not comment)
PASS: MicToggle true is a live <bool>, not comment-only
PASS: CamToggle true is a live <bool>, not comment-only
PASS: overlay does not set config_supportsHardwareMicToggle=true
PASS: overlay does not set config_supportsHardwareCamToggle=true
PASS: overlay does not restore Pixel fingerprint-gestures=true
PASS: AOSP framework-res still defaults both SW toggles false (overlay must supply true)
PASS: quick_settings_tiles_new_default leads with mictoggle,cameratoggle (11 tokens)
PASS: quick_settings_tiles_new_default has no lockdown tile
PASS: quick_settings_tiles_default leads with mictoggle,cameratoggle (14 tokens)
PASS: quick_settings_tiles_default has no lockdown tile
PASS: stock catalog still lists mictoggle and cameratoggle
PASS: stock catalog has no lockdown tile
PASS: apps-excised.mk lists PixelConfigOverlayCommon in drop set
PASS: PixelConfigOverlayCommon is not in GUARDTALK_OVERLAY_KEEP
PASS: KEEP list includes GuardTalkFrameworksBaseOverlay and GuardTalkSystemUIOverlay
PASS: feature-overlays.mk still wires GuardTalkSystemUIOverlay
PASS: telephony-features.mk still wires GuardTalkFrameworksBaseOverlay
PASS: setToggleSensorPrivacy still consults allowToggleChange(userId, enable)
PASS: setToggleSensorPrivacyState still consults allowToggleChange
PASS: stock isDeviceLocked drop log still present (non-GuardTalk path)
PASS: lock blanket still skipped iff ownsLockToggleAuthority (T-OS-CAMMIC)
PASS: emergency-call mic block still present
PASS: DISALLOW_*_TOGGLE still present
PASS: canChangeToggleSensorPrivacy order: emergency → lock skip → DISALLOW mic/cam
PASS: hooks.allowToggleChange still 4-arg allowUserToggle (T-OS-CAMMIC)
PASS: 4-arg mustDenySensors does not OR stale deviceLocked
PASS: 4-arg deny = lockdown | !userUnlocked | keyguardShowing
HOLD: git diff rc=129: warning: Not a git repository. Use --no-index to compare two paths outside a working tree
usage: git diff --no-index [<options>] <path> <path>

Diff output format options
    -p, --patch           gen
PASS: SensorToggleHelper isAccessOn = !isSensorPrivacyEnabled (Settings polarity)
PASS: isAccessOn is not inverted to raw privacy
PASS: setAccessOn persists privacy = !accessOn
PASS: setAccessOn fail-closes access ON while mustDeny
PASS: SensorToggleHelper 4-arg mustDenySensors(keyguardShowing, deviceLocked, userUnlocked, strongAuth)
PASS: mustDenySensors uses getStrongAuthForUser (not strongAuth=0)
PASS: helper reads strongAuth via LockPatternUtils
PASS: SensorToggleViews isChecked = accessOn (not inverted)
PASS: SensorToggleViews does not invert accessOn
PASS: views persist via setAccessOn(..., isChecked)
PASS: views disable OFF→ON while mustDeny (access still off)
PASS: EscapeMenu binds SensorToggleViews (in-app toggles)
PASS: Settings SensorToggleController isChecked = !isSensorBlocked
PASS: Settings setChecked persists blocked = !isChecked
PASS: Settings still fail-closes enable via GuardTalk helper
PASS: Settings helper 4-arg mustDenySensors (same polarity contract)
PASS: CameraToggleTile TILE_SPEC=cameratoggle; isAvailable uses supportsSensorToggle
PASS: MicrophoneToggleTile TILE_SPEC=mictoggle; isAvailable uses supportsSensorToggle
PASS: PolicyModule still registers cameratoggle/mictoggle
PASS: QS tile value = !isBlocked (access ON = privacy OFF)
PASS: SensorPrivacyService.supportsSensorToggle still reads overlay SW bools
PASS: Validator manifest requests MANAGE/OBSERVE_SENSOR_PRIVACY
PASS: Validator privapp whitelist grants MANAGE/OBSERVE_SENSOR_PRIVACY
PASS: GuardTalkValidator Android.bp platform_apis: true
PY_COUNTS pass=53 fail=0 hold=1
PASS: python structural rematch exit 0

--- lunch komodo-trunk_staging-user (independent; do not skip) ---
export BUILD_DATETIME=1782971948 BUILD_NUMBER=eng.openst
============================================
Commands from vendor/google_devices/komodo/cmds-for-envsetup.sh:
export BUILD_ID_komodo="BP4A.260205.002"
unset PLATFORM_SECURITY_PATCH_komodo
============================================
16:33:49 Build sandboxing disabled due to nsjail error.

============================================
PLATFORM_VERSION_CODENAME=Baklava
PLATFORM_VERSION=Baklava
TARGET_PRODUCT=komodo
TARGET_BUILD_VARIANT=user
TARGET_ARCH=arm64
TARGET_ARCH_VARIANT=armv9-a
TARGET_CPU_VARIANT=cortex-a76
HOST_OS=linux
HOST_OS_EXTRA=Linux-6.8.0-138-generic-x86_64-Ubuntu-24.04.4-LTS
BUILD_ID=BP4A.260205.002
PLATFORM_SECURITY_PATCH=2026-02-05
OUT_DIR=out
SOONG_ONLY=false
============================================
PASS: lunch komodo-trunk_staging-user exit 0
16:33:55 Build sandboxing disabled due to nsjail error.
16:34:01 Build sandboxing disabled due to nsjail error.
16:34:07 Build sandboxing disabled due to nsjail error.
TARGET_PRODUCT=komodo
TARGET_BUILD_VARIANT=user
PASS: TARGET_PRODUCT=komodo
PASS: TARGET_BUILD_VARIANT=user (not userdebug)
--- filtered PRODUCT_PACKAGES overlay presence ---
PASS: filtered PRODUCT_PACKAGES: GuardTalkFrameworksBaseOverlay PRESENT
PASS: filtered PRODUCT_PACKAGES: GuardTalkSystemUIOverlay PRESENT
PASS: filtered PRODUCT_PACKAGES: PixelConfigOverlayCommon ABSENT
PASS: filtered PRODUCT_PACKAGES: GuardTalkValidator PRESENT (in-app toggles ship)
GuardTalkFrameworksBaseOverlay
GuardTalkSystemUIOverlay
GuardTalkValidator

--- adb (device tile visibility HOLD if empty; not device-fixed) ---
List of devices attached
HOLD: adb devices empty — device tile visibility HOLD; not device-fixed
HOLD: Q-REMEDIATE-B3-OSUX-DEVICE remains BLOCKED; OS-UX on-device proof not folded here
HOLD: m not run this QA stamp (QS APK not rebuilt here)
HOLD: PASS HOLD remains; live not claimed

RESULT: PASS (host)  bash_PASS=29 bash_HOLD=4 bash_FAIL=0 PY_RC=0
LIVE_DEVICE_CLAIMED=false
DEVICE_TILE_VISIBILITY=HOLD
OSUX_DEVICE_PROOF=not folded (Q-REMEDIATE-B3-OSUX-DEVICE BLOCKED)
SUITE_COUNTS name=verify_remediate_b3_sensors_host EXIT=0 PASS=82 FAIL=0 HOLD=5 VERDICT=PASS
======== END verify_remediate_b3_sensors_host ========

======== BEGIN verify_remediate_b3_validator_host ========
=== Q-REMEDIATE-B3-VALIDATOR independent rematch (items 15, 16) ===
ROOT=/mnt/Big-Storage/GuardTalk/GrapheneOS-worktree
LIVE_DEVICE_CLAIMED=false
F/Architect reports: not trusted
USB_GO=not started

--- required files ---
PASS: present: vendor/guardtalk/apps/GuardTalkValidator/AndroidManifest.xml
PASS: present: vendor/guardtalk/apps/GuardTalkValidator/src/com/guardtalk/validator/ValidatorChrome.kt
PASS: present: vendor/guardtalk/apps/GuardTalkValidator/src/com/guardtalk/validator/EscapeMenu.kt
PASS: present: vendor/guardtalk/apps/GuardTalkValidator/src/com/guardtalk/validator/DeviceStatusReporter.kt
PASS: present: vendor/guardtalk/apps/GuardTalkValidator/src/com/guardtalk/validator/SensorToggleHelper.kt
PASS: present: vendor/guardtalk/apps/GuardTalkValidator/src/com/guardtalk/validator/SensorToggleViews.kt
PASS: present: vendor/guardtalk/apps/GuardTalkValidator/src/com/guardtalk/validator/ValidatorActivity.kt
PASS: present: vendor/guardtalk/apps/GuardTalkValidator/src/com/guardtalk/validator/ProcessListActivity.kt
PASS: present: vendor/guardtalk/apps/GuardTalkValidator/res/layout/validator_chrome.xml
PASS: present: vendor/guardtalk/apps/GuardTalkValidator/res/layout/activity_validator.xml
PASS: present: vendor/guardtalk/apps/GuardTalkValidator/res/layout/activity_process_list.xml
PASS: present: vendor/guardtalk/apps/GuardTalkValidator/res/layout/escape_menu.xml
PASS: present: vendor/guardtalk/apps/GuardTalkValidator/res/layout/sensor_privacy_toggles.xml
PASS: present: vendor/guardtalk/apps/GuardTalkValidator/res/values/strings.xml
PASS: present: vendor/guardtalk/apps/GuardTalkValidator/Android.bp
PASS: present: vendor/guardtalk/radio-excised/product-config-late.mk
PASS: present: vendor/guardtalk/feature-excised/userbuild-excised.mk
PASS: present: frameworks/base/services/core/java/com/android/server/sensorprivacy/SensorPrivacyService.java
PASS: present: frameworks/base/core/java/android/content/pm/PackageManager.java
PASS: present: frameworks/base/core/java/android/guardtalk/GuardTalkSecurityStatus.java
PASS: present: packages/apps/Settings/res/xml/guardtalk_security_dashboard.xml
PASS: present: packages/apps/Settings/src/com/android/settings/security/guardtalk/GuardTalkGtInfoPreferenceController.java

--- packet rg (enable / exit / escape / duress) ---
vendor/guardtalk/apps/GuardTalkValidator/src/com/guardtalk/validator/SensorToggleHelper.kt:16: * `accessOn == !isSensorPrivacyEnabled`. Privacy-ON (access off) is always
vendor/guardtalk/apps/GuardTalkValidator/src/com/guardtalk/validator/SensorToggleHelper.kt:32:            !spm.isSensorPrivacyEnabled(sensor)
vendor/guardtalk/apps/GuardTalkValidator/src/com/guardtalk/validator/SensorToggleHelper.kt:44:    fun setAccessOn(context: Context, sensor: Int, accessOn: Boolean): Boolean {
vendor/guardtalk/apps/GuardTalkValidator/src/com/guardtalk/validator/SensorToggleHelper.kt:45:        if (accessOn && isEnableBlocked(context)) {
vendor/guardtalk/apps/GuardTalkValidator/src/com/guardtalk/validator/SensorToggleHelper.kt:50:            spm.setSensorPrivacy(SensorPrivacyManager.Sources.OTHER, sensor, !accessOn)
vendor/guardtalk/apps/GuardTalkValidator/src/com/guardtalk/validator/DeviceStatusReporter.kt:8: * Minimal device-status text for the escape menu. Never includes Duress.
vendor/guardtalk/apps/GuardTalkValidator/src/com/guardtalk/validator/ValidatorChrome.kt:27:        activity.finishAndRemoveTask()
vendor/guardtalk/apps/GuardTalkValidator/src/com/guardtalk/validator/EscapeMenu.kt:35:            val intent = Intent(Settings.ACTION_SETTINGS)
vendor/guardtalk/apps/GuardTalkValidator/AndroidManifest.xml:57:    <!-- android:enabled="true" is explicit. dumpsys package "enabled=0" is
vendor/guardtalk/apps/GuardTalkValidator/AndroidManifest.xml:66:        android:enabled="true"
vendor/guardtalk/apps/GuardTalkValidator/AndroidManifest.xml:72:            android:enabled="true"
vendor/guardtalk/apps/GuardTalkValidator/AndroidManifest.xml:87:            android:enabled="true"
vendor/guardtalk/apps/GuardTalkValidator/src/com/guardtalk/validator/SensorToggleViews.kt:84:        val accessOn = SensorToggleHelper.isAccessOn(context, sensor)
vendor/guardtalk/apps/GuardTalkValidator/src/com/guardtalk/validator/SensorToggleViews.kt:88:        toggle.isChecked = accessOn
vendor/guardtalk/apps/GuardTalkValidator/src/com/guardtalk/validator/SensorToggleViews.kt:94:            blocked && !accessOn -> {

vendor/guardtalk/apps/GuardTalkValidator/Android.bp:13:    name: "GuardTalkValidator",
vendor/guardtalk/radio-excised/product-config-late.mk:57:  # T-GTINFO-WIRE: ship GuardTalkValidator (the "GT Info" app) in the image.
vendor/guardtalk/radio-excised/product-config-late.mk:60:  # dependency in the Android.bp, so adding GuardTalkValidator to
vendor/guardtalk/radio-excised/product-config-late.mk:64:  PRODUCT_PACKAGES += GuardTalkValidator
vendor/guardtalk/radio-excised/product-config-late.mk:65:  PRODUCT_SOONG_NAMESPACES += vendor/guardtalk/apps/GuardTalkValidator
vendor/guardtalk/radio-excised/product-config-late.mk:68:  # in the image. Same packaging contract as GuardTalkValidator above:

--- python structural rematch ---
PASS: application live android:enabled=true (not comment-only)
PASS: application is not android:enabled=false
PASS: .ValidatorActivity live android:enabled=true (not comment-only)
PASS: .ValidatorActivity is not android:enabled=false
PASS: .ProcessListActivity live android:enabled=true (not comment-only)
PASS: .ProcessListActivity is not android:enabled=false
PASS: enableOnBackInvokedCallback present (distinct from android:enabled)
PASS: PackageManager.COMPONENT_ENABLED_STATE_DEFAULT=0 (dumpsys enabled=0 is DEFAULT, not DISABLED)
PASS: ENABLED=1 DISABLED=2; enabled=0 is not pm-disabled
PASS: product-config-late.mk live PRODUCT_PACKAGES += GuardTalkValidator
PASS: Android.bp module name GuardTalkValidator
PASS: userbuild-excised DROP does not include GuardTalkValidator
PASS: no in-tree pm disable / setApplicationEnabledSetting of com.guardtalk.validator
PASS: no overlay targetPackage=com.guardtalk.validator (no disable overlay)
PASS: Settings guardtalk_gt_info enabled=true via GuardTalkGtInfoPreferenceController (not Stub)
PASS: dashboard XML does not wire GuardTalkSecurityStubPreferenceController
PASS: GtInfo controller deep-links com.guardtalk.validator
PASS: validator_chrome.xml has btn_exit and btn_menu
PASS: activity_validator.xml includes validator_chrome
PASS: activity_process_list.xml includes validator_chrome
PASS: exactly two Activity classes (ValidatorActivity, ProcessListActivity)
PASS: ValidatorActivity attaches chrome; back leaves the task
PASS: ProcessListActivity attaches chrome; back finishes to parent
PASS: ValidatorChrome.exitApp calls finishAndRemoveTask
PASS: btn_exit click wires exitApp (finishAndRemoveTask)
PASS: btn_menu click opens EscapeMenu
PASS: escape keys KEYCODE_ESCAPE and KEYCODE_MENU open the menu
PASS: long-press BACK opens EscapeMenu
PASS: title hotspot: long-press + triple-tap escape
PASS: chrome does not consume KEYCODE_HOME (system Home leaves the task)
PASS: ValidatorActivity forwards keys and onBackPressed to chrome
PASS: ProcessListActivity forwards keys and onBackPressed to chrome
PASS: ValidatorChrome registers OnBackInvokedCallback
PASS: EscapeMenu Settings intent then exitApp
PASS: EscapeMenu binds SensorToggleViews (cam/mic via helper)
PASS: EscapeMenu device status uses DeviceStatusReporter
PASS: escape_menu.xml has Settings, sensor include, device status
PASS: isAccessOn = !isSensorPrivacyEnabled (Settings polarity)
PASS: isAccessOn is not inverted to raw privacy
PASS: setAccessOn persists privacy = !accessOn
PASS: setAccessOn fail-closes access ON while mustDeny
PASS: SensorToggleViews isChecked = accessOn (not inverted)
PASS: SensorToggleViews does not invert accessOn
PASS: SensorToggleHelper 4-arg mustDenySensors (do not invert; F-SENSORS contract)
PASS: strings.xml live copy has no Duress
PASS: DeviceStatusReporter live code has no Duress token
PASS: status_body covers model / sensor policy / cam / mic / USB / hardening
PASS: DeviceStatusReporter fail-closes when locked
PASS: GuardTalkSecurityStatus documents no Duress field
PASS: GuardTalkSecurityStatus.Snapshot has no Duress field
PASS: SensorPrivacyService.java present (not deleted by this card)
PASS: Validator sources do not import/call SensorPrivacyService (helper uses SensorPrivacyManager)
HOLD: git metadata absent in this worktree — cannot git-diff SensorPrivacyService; structural no-import still applies
PY_COUNTS pass=52 fail=0 hold=1
PASS: python structural rematch exit 0

--- lunch komodo-trunk_staging-user (independent; do not skip) ---
export BUILD_DATETIME=1782971948 BUILD_NUMBER=eng.openst
============================================
Commands from vendor/google_devices/komodo/cmds-for-envsetup.sh:
export BUILD_ID_komodo="BP4A.260205.002"
unset PLATFORM_SECURITY_PATCH_komodo
============================================
16:34:15 Build sandboxing disabled due to nsjail error.

============================================
PLATFORM_VERSION_CODENAME=Baklava
PLATFORM_VERSION=Baklava
TARGET_PRODUCT=komodo
TARGET_BUILD_VARIANT=user
TARGET_ARCH=arm64
TARGET_ARCH_VARIANT=armv9-a
TARGET_CPU_VARIANT=cortex-a76
HOST_OS=linux
HOST_OS_EXTRA=Linux-6.8.0-138-generic-x86_64-Ubuntu-24.04.4-LTS
BUILD_ID=BP4A.260205.002
PLATFORM_SECURITY_PATCH=2026-02-05
OUT_DIR=out
SOONG_ONLY=false
============================================
PASS: lunch komodo-trunk_staging-user exit 0
16:34:22 Build sandboxing disabled due to nsjail error.
16:34:27 Build sandboxing disabled due to nsjail error.
16:34:33 Build sandboxing disabled due to nsjail error.
TARGET_PRODUCT=komodo
TARGET_BUILD_VARIANT=user
PASS: TARGET_PRODUCT=komodo
PASS: TARGET_BUILD_VARIANT=user (not userdebug)
--- filtered PRODUCT_PACKAGES (user lunch) ---
PASS: filtered PRODUCT_PACKAGES: GuardTalkValidator PRESENT
GuardTalkValidator

--- adb (device enable/nav HOLD if empty; not device-fixed) ---
List of devices attached
HOLD: adb devices empty — device enable/nav HOLD; not device-fixed
HOLD: dumpsys enabled=0 is COMPONENT_ENABLED_STATE_DEFAULT; not claimed on-device enabled=true
HOLD: m GuardTalkValidator not run this QA stamp
HOLD: PASS HOLD remains; live not claimed; never APPROVED

RESULT: PASS (host)  bash_PASS=27 bash_HOLD=4 bash_FAIL=0 PY_RC=0
LIVE_DEVICE_CLAIMED=false
DEVICE_ENABLE_NAV=HOLD
SUITE_COUNTS name=verify_remediate_b3_validator_host EXIT=0 PASS=79 FAIL=0 HOLD=5 VERDICT=PASS
======== END verify_remediate_b3_validator_host ========

======== BEGIN verify_remediate_b3_viewer_host ========
=== Q-REMEDIATE-B3-VIEWER independent rematch (item 18) ===
ROOT=/mnt/Big-Storage/GuardTalk/GrapheneOS-worktree
LIVE_DEVICE_CLAIMED=false
Q-REMEDIATE-B3-OSUX-DEVICE=not started (BLOCKED; not folded here)
USB_GO=not started
T/F reports: not trusted

--- required files ---
PASS: present: packages/apps/HTMLViewer/AndroidManifest.xml
PASS: present: packages/apps/HTMLViewer/src/com/android/htmlviewer/HTMLViewerActivity.java
PASS: present: packages/apps/DocumentsUI/AndroidManifest.xml
PASS: present: packages/apps/DocumentsUI/src/com/android/documentsui/AbstractActionHandler.java
PASS: present: packages/apps/DocumentsUI/src/com/android/documentsui/guardtalk/GuardTalkHtmlViewerLaunch.java
PASS: present: packages/apps/DocumentsUI/src/com/android/documentsui/guardtalk/MediaPreviewActivity.java
PASS: present: packages/apps/DocumentsUI/src/com/android/documentsui/guardtalk/GuardTalkMediaPreview.java
PASS: present: packages/apps/DocumentsUI/tests/unit/com/android/documentsui/files/ActionHandlerTest.java
PASS: present: packages/apps/DocumentsUI/tests/unit/com/android/documentsui/guardtalk/GuardTalkHtmlViewerLaunchTest.java
PASS: present: packages/apps/DocumentsUI/src/com/android/documentsui/files/NoApplicationFragment.kt
PASS: present: vendor/guardtalk/feature-excised/apps-excised.mk
PASS: present: vendor/guardtalk/apps/GuardTalkValidator/AndroidManifest.xml
PASS: present: vendor/guardtalk/apps/GuardTalkValidator/src/com/guardtalk/validator/ValidatorActivity.kt
PASS: present: vendor/guardtalk/apps/GuardTalkValidator/src/com/guardtalk/validator/HtmlViewerLaunch.kt
PASS: present: vendor/guardtalk/apps/GuardTalkValidator/src/com/guardtalk/validator/SampleImageProvider.kt
PASS: present: vendor/guardtalk/apps/GuardTalkValidator/src/com/guardtalk/validator/EscapeMenu.kt
PASS: present: vendor/guardtalk/apps/GuardTalkValidator/res/layout/escape_menu.xml
PASS: present: vendor/guardtalk/apps/GuardTalkValidator/res/layout/activity_validator.xml
PASS: present: vendor/guardtalk/apps/GuardTalkValidator/res/values/strings.xml
PASS: present: vendor/guardtalk/apps/GuardTalkValidator/res/raw/sample_image.png
PASS: vendor/guardtalk/apps/ImageViewer ABSENT (no priv-app gallery)

--- packet rg (HTMLViewer VIEW jpeg/png/webp) ---
40:            <!-- T-OS-FILES-MEDIA: narrow in-tree image VIEW handler (no LAUNCHER).
47:                <data android:mimeType="image/jpeg"/>
48:                <data android:mimeType="image/png"/>
49:                <data android:mimeType="image/webp"/>

--- packet rg (DocumentsUI MediaPreview / viewDocument / HTMLViewer) ---
packages/apps/DocumentsUI/src/com/android/documentsui/guardtalk/MediaPreviewActivity.java:45:public final class MediaPreviewActivity extends AppCompatActivity {
packages/apps/DocumentsUI/src/com/android/documentsui/guardtalk/MediaPreviewActivity.java:62:        if (uri == null || !GuardTalkMediaPreview.isSupportedMime(mime)) {
packages/apps/DocumentsUI/src/com/android/documentsui/guardtalk/MediaPreviewActivity.java:104:                return MediaPreviewDecoder.decode(getContentResolver(), uri);
packages/apps/DocumentsUI/src/com/android/documentsui/AbstractActionHandler.java:71:import com.android.documentsui.guardtalk.GuardTalkMediaPreview;
packages/apps/DocumentsUI/src/com/android/documentsui/AbstractActionHandler.java:424:        // For APKs, even if the type is preview, we send an ACTION_VIEW intent to allow
packages/apps/DocumentsUI/src/com/android/documentsui/AbstractActionHandler.java:428:            viewDocument(doc);
packages/apps/DocumentsUI/src/com/android/documentsui/AbstractActionHandler.java:434:                if (viewDocument(doc)) {
packages/apps/DocumentsUI/src/com/android/documentsui/AbstractActionHandler.java:440:                if (previewDocument(doc, fromPicker)) {
packages/apps/DocumentsUI/src/com/android/documentsui/AbstractActionHandler.java:451:                if (viewDocument(doc)) {
packages/apps/DocumentsUI/src/com/android/documentsui/AbstractActionHandler.java:457:                if (previewDocument(doc, fromPicker)) {
packages/apps/DocumentsUI/src/com/android/documentsui/AbstractActionHandler.java:476:            if (GuardTalkMediaPreview.start(mActivity, doc)) {
packages/apps/DocumentsUI/src/com/android/documentsui/AbstractActionHandler.java:479:            showOpenFailed(doc);
packages/apps/DocumentsUI/src/com/android/documentsui/AbstractActionHandler.java:483:    private boolean viewDocument(DocumentInfo doc) {
packages/apps/DocumentsUI/src/com/android/documentsui/AbstractActionHandler.java:504:        // F-REMEDIATE-B3-VIEWER: jpeg/png/webp → HTMLViewer VIEW first, then
packages/apps/DocumentsUI/src/com/android/documentsui/AbstractActionHandler.java:505:        // in-app MediaPreview, then a visible dialog. Never silent.
packages/apps/DocumentsUI/src/com/android/documentsui/AbstractActionHandler.java:519:        if (GuardTalkMediaPreview.start(mActivity, doc)) {
packages/apps/DocumentsUI/src/com/android/documentsui/AbstractActionHandler.java:522:        showOpenFailed(doc);
packages/apps/DocumentsUI/src/com/android/documentsui/AbstractActionHandler.java:526:    private void showOpenFailed(DocumentInfo doc) {
packages/apps/DocumentsUI/src/com/android/documentsui/AbstractActionHandler.java:527:        mDialogs.showNoApplicationFoundDialog(mActivity.getSupportFragmentManager(), doc);
packages/apps/DocumentsUI/src/com/android/documentsui/AbstractActionHandler.java:530:    private boolean previewDocument(DocumentInfo doc, boolean fromPicker) {
packages/apps/DocumentsUI/src/com/android/documentsui/AbstractActionHandler.java:591:        if (Intent.ACTION_VIEW.equals(mActivity.getIntent().getAction())
packages/apps/DocumentsUI/src/com/android/documentsui/AbstractActionHandler.java:607:        Intent intent = new Intent(Intent.ACTION_VIEW);
packages/apps/DocumentsUI/AndroidManifest.xml:142:            android:name=".guardtalk.MediaPreviewActivity"
packages/apps/DocumentsUI/src/com/android/documentsui/guardtalk/GuardTalkHtmlViewerLaunch.java:30: * Files launch of komodo user jpeg/png/webp VIEW (HTMLViewer). Not a gallery.
packages/apps/DocumentsUI/src/com/android/documentsui/guardtalk/GuardTalkHtmlViewerLaunch.java:32: * <p>Explicit component only. MediaPreview remains the in-app fallback.
packages/apps/DocumentsUI/src/com/android/documentsui/guardtalk/GuardTalkHtmlViewerLaunch.java:38:            "com.android.htmlviewer.HTMLViewerActivity";
packages/apps/DocumentsUI/src/com/android/documentsui/guardtalk/GuardTalkHtmlViewerLaunch.java:41:    private static final String MIME_JPEG = "image/jpeg";
packages/apps/DocumentsUI/src/com/android/documentsui/guardtalk/GuardTalkHtmlViewerLaunch.java:47:    /** HTMLViewer still-image VIEW types only (not {@code image/*} / gif). */
packages/apps/DocumentsUI/src/com/android/documentsui/guardtalk/GuardTalkHtmlViewerLaunch.java:54:    /** Explicit ACTION_VIEW for HTMLViewer. Not {@code */*} and not a launcher. */
packages/apps/DocumentsUI/src/com/android/documentsui/guardtalk/GuardTalkHtmlViewerLaunch.java:56:        Intent intent = new Intent(Intent.ACTION_VIEW);
packages/apps/DocumentsUI/src/com/android/documentsui/guardtalk/GuardTalkHtmlViewerLaunch.java:65:     * Starts HTMLViewer VIEW when the document is jpeg/png/webp and the handler
packages/apps/DocumentsUI/src/com/android/documentsui/guardtalk/GuardTalkHtmlViewerLaunch.java:68:     * @return true if HTMLViewer was started
packages/apps/DocumentsUI/src/com/android/documentsui/guardtalk/GuardTalkHtmlViewerLaunch.java:83:            Log.w(TAG, "HTMLViewer VIEW failed for " + doc.derivedUri, e);

--- packet rg (Validator HtmlViewerLaunch / sample / EscapeMenu) ---
vendor/guardtalk/apps/GuardTalkValidator/res/values/strings.xml:54:    <!-- Item 18: open sample image via HTMLViewer VIEW (not a gallery, not EscapeMenu) -->
vendor/guardtalk/apps/GuardTalkValidator/res/values/strings.xml:55:    <string name="sample_image_open">Open sample image</string>
vendor/guardtalk/apps/GuardTalkValidator/res/values/strings.xml:56:    <string name="sample_image_open_cd">Open a sample PNG with the system image viewer</string>
vendor/guardtalk/apps/GuardTalkValidator/res/values/strings.xml:57:    <string name="sample_image_failed_title">Cannot open image</string>
vendor/guardtalk/apps/GuardTalkValidator/res/values/strings.xml:58:    <string name="sample_image_failed_message">HTMLViewer is not available to open jpeg, png, or webp. This is not a silent failure.</string>
vendor/guardtalk/apps/GuardTalkValidator/res/layout/activity_validator.xml:45:        android:id="@+id/btn_open_sample_image"
vendor/guardtalk/apps/GuardTalkValidator/res/layout/activity_validator.xml:51:        android:text="@string/sample_image_open"
vendor/guardtalk/apps/GuardTalkValidator/res/layout/activity_validator.xml:52:        android:contentDescription="@string/sample_image_open_cd" />
vendor/guardtalk/apps/GuardTalkValidator/src/com/guardtalk/validator/EscapeMenu.kt:4:import android.app.AlertDialog
vendor/guardtalk/apps/GuardTalkValidator/src/com/guardtalk/validator/EscapeMenu.kt:17:object EscapeMenu {
vendor/guardtalk/apps/GuardTalkValidator/src/com/guardtalk/validator/EscapeMenu.kt:26:        AlertDialog.Builder(activity)
vendor/guardtalk/apps/GuardTalkValidator/src/com/guardtalk/validator/EscapeMenu.kt:47:        AlertDialog.Builder(activity)
vendor/guardtalk/apps/GuardTalkValidator/src/com/guardtalk/validator/SampleImageProvider.kt:12: * Grant-only sample PNG for HTMLViewer ACTION_VIEW. Not exported; not a gallery.
vendor/guardtalk/apps/GuardTalkValidator/src/com/guardtalk/validator/SampleImageProvider.kt:14:class SampleImageProvider : ContentProvider() {
vendor/guardtalk/apps/GuardTalkValidator/src/com/guardtalk/validator/SampleImageProvider.kt:25:        val file = File(ctx.cacheDir, "sample_image.png")
vendor/guardtalk/apps/GuardTalkValidator/src/com/guardtalk/validator/SampleImageProvider.kt:28:                ctx.resources.openRawResource(R.raw.sample_image).use { input ->
vendor/guardtalk/apps/GuardTalkValidator/src/com/guardtalk/validator/HtmlViewerLaunch.kt:4:import android.app.AlertDialog
vendor/guardtalk/apps/GuardTalkValidator/src/com/guardtalk/validator/HtmlViewerLaunch.kt:12: * Do not add this to [EscapeMenu] (F-REMEDIATE-B3-VALIDATOR owns that surface).
vendor/guardtalk/apps/GuardTalkValidator/src/com/guardtalk/validator/HtmlViewerLaunch.kt:14:object HtmlViewerLaunch {
vendor/guardtalk/apps/GuardTalkValidator/src/com/guardtalk/validator/HtmlViewerLaunch.kt:18:    private const val TAG = "HtmlViewerLaunch"
vendor/guardtalk/apps/GuardTalkValidator/src/com/guardtalk/validator/HtmlViewerLaunch.kt:21:        return mime == "image/jpeg" || mime == "image/png" || mime == "image/webp"
vendor/guardtalk/apps/GuardTalkValidator/src/com/guardtalk/validator/HtmlViewerLaunch.kt:25:        val intent = Intent(Intent.ACTION_VIEW)
vendor/guardtalk/apps/GuardTalkValidator/src/com/guardtalk/validator/HtmlViewerLaunch.kt:56:            SampleImageProvider.SAMPLE_URI,
vendor/guardtalk/apps/GuardTalkValidator/src/com/guardtalk/validator/HtmlViewerLaunch.kt:57:            SampleImageProvider.MIME_PNG,
vendor/guardtalk/apps/GuardTalkValidator/src/com/guardtalk/validator/HtmlViewerLaunch.kt:62:        AlertDialog.Builder(activity)
vendor/guardtalk/apps/GuardTalkValidator/src/com/guardtalk/validator/HtmlViewerLaunch.kt:63:            .setTitle(R.string.sample_image_failed_title)
vendor/guardtalk/apps/GuardTalkValidator/src/com/guardtalk/validator/HtmlViewerLaunch.kt:64:            .setMessage(R.string.sample_image_failed_message)
vendor/guardtalk/apps/GuardTalkValidator/src/com/guardtalk/validator/ValidatorActivity.kt:62:        val openSampleImage = findViewById<Button>(R.id.btn_open_sample_image)
vendor/guardtalk/apps/GuardTalkValidator/src/com/guardtalk/validator/ValidatorActivity.kt:81:        // Item 18: main-path sample PNG VIEW. Not on EscapeMenu.
vendor/guardtalk/apps/GuardTalkValidator/src/com/guardtalk/validator/ValidatorActivity.kt:82:        openSampleImage.setOnClickListener { HtmlViewerLaunch.openSampleOrExplain(this) }
vendor/guardtalk/apps/GuardTalkValidator/AndroidManifest.xml:45:            <data android:mimeType="image/jpeg" />
vendor/guardtalk/apps/GuardTalkValidator/AndroidManifest.xml:94:            android:name=".SampleImageProvider"

--- packet rg (Gallery2 / HTMLViewer KEEP / ImageViewer) ---
50:#   HTMLViewer               -> KEPT (T-OS-FILES-MEDIA). Was media_system.mk:32.
58:# delisted from GUARDTALK_APPS_PACKAGES and reclassified KEEP. It is NOT a
73:GUARDTALK_APPS_PACKAGES := \
110:GUARDTALK_APPS_PACKAGES += \
125:#   Gallery2                     -> product/app/Gallery2/Gallery2.apk
143:GUARDTALK_APPS_PACKAGES += \
147:    Gallery2 \
174:# patch. See GUARDTALK_APPS_PACKAGES += GmsCompat* below.
217:# Contacts + ContactsProvider — see GUARDTALK_APPS_KEEP below):
222:GUARDTALK_APPS_PACKAGES += \
255:GUARDTALK_APPS_PACKAGES += \
339:# GUARDTALK_APPS_KEEP — packages that must NEVER be dropped by this filter, even
345:# GUARDTALK_APPS_PACKAGES. User-facing suppression is via
350:# T-OS-FILES-MEDIA: in-tree media VIEW handlers. HTMLViewer (images) is already
353:# is added explicitly after the filter-out. Gallery2 stays excised (not the
357:# lunch proves HTMLViewer + UniversalMediaPlayer in PRODUCT_PACKAGES (jpeg/png/
358:# webp VIEW via HTMLViewer; mp4/webm via UMP). ImageViewer priv-app not required.
359:# Gallery2 stays in GUARDTALK_APPS_PACKAGES. GmsCompat/AppCompatConfig filter-out
361:GUARDTALK_APPS_KEEP := \
364:    HTMLViewer \
377:GUARDTALK_APPS_PACKAGES += \
407:# delisted from GUARDTALK_APPS_PACKAGES and added to GUARDTALK_WEBVIEW_KEEP.
434:GUARDTALK_APPS_PACKAGES += \
500:# $(GUARDTALK_OVERLAY_KEEP),$(GUARDTALK_APPS_PACKAGES))) will re-add any
501:# icon overlay that a careless append to GUARDTALK_APPS_PACKAGES drops.
689:GUARDTALK_APPS_PACKAGES += \
696:# PrintSpooler + Gallery2 APKs. Discovered by Q-PKG-REPORT-VERIFY (2026-07-01):
698:# Wave P1 line ~110, Gallery2 at Wave B line ~146), but their bundled JNI
705:# Gallery2/Android.bp:37-41 -> libjni_eglfence / libjni_filtershow_filters /
712:# creates app/Gallery2/lib/arm64/libjni_eglfence.so -> /product/lib64/libjni_eglfence.so).
721:#   /product/app/Gallery2/lib/arm64/libjni_eglfence.so                   (33 KB)
722:#   /product/app/Gallery2/lib/arm64/libjni_filtershow_filters.so         (43 KB)
723:#   /product/app/Gallery2/lib/arm64/libjni_jpegstream.so                 (35 KB)
728:GUARDTALK_APPS_PACKAGES += \
764:# incorrectly) listed in GUARDTALK_APPS_PACKAGES; delisted and mirrored here
777:PRODUCT_PACKAGES := $(filter-out $(GUARDTALK_APPS_PACKAGES),$(PRODUCT_PACKAGES))
781:PRODUCT_PACKAGES_DEBUG := $(filter-out $(GUARDTALK_APPS_PACKAGES),$(PRODUCT_PACKAGES_DEBUG))
785:PRODUCT_PACKAGES += $(filter $(GUARDTALK_WEBVIEW_KEEP),$(GUARDTALK_APPS_PACKAGES))
788:# ContactsProvider, HTMLViewer, UniversalMediaPlayer) somehow landed in the
790:# were not also listed in GUARDTALK_APPS_PACKAGES.)
791:PRODUCT_PACKAGES += $(filter $(GUARDTALK_APPS_KEEP),$(GUARDTALK_APPS_PACKAGES))
795:# handler (mp4/webm). Manifest has no LAUNCHER (VIEW-only). Gallery2 remains
796:# excised. HTMLViewer stays via media_system.mk + KEEP (not a second +=).
801:# operation; guards against a future careless append to GUARDTALK_APPS_PACKAGES.)
802:PRODUCT_PACKAGES += $(filter $(GUARDTALK_OVERLAY_KEEP),$(GUARDTALK_APPS_PACKAGES))
811:PRODUCT_PACKAGES += $(filter $(GUARDTALK_CAMERA_HAL_KEEP),$(GUARDTALK_APPS_PACKAGES))

--- python structural rematch ---
PASS: HTMLViewerActivity exported=true (VIEW handler, not a gallery)
PASS: HTMLViewer VIEW filters include image/jpeg + image/png + image/webp
PASS: HTMLViewer image VIEW schemes include content + file
PASS: HTMLViewer has no LAUNCHER
PASS: HTMLViewer VIEW does not include image/*
PASS: HTMLViewer VIEW does not include */*
PASS: HTMLViewer JavaScript disabled
PASS: HTMLViewer network loads blocked
PASS: MediaPreviewActivity exported=false
PASS: MediaPreviewActivity has no VIEW intent-filter (in-app only)
PASS: MediaPreviewActivity has no intent-filters
PASS: viewDocument calls GuardTalkHtmlViewerLaunch.start
PASS: viewDocument generic VIEW resolveActivity present
PASS: viewDocument in-app MediaPreview fallback present
PASS: viewDocument calls showOpenFailed (visible dialog)
PASS: viewDocument order: HTMLViewer VIEW → generic VIEW → MediaPreview → dialog
PASS: viewDocument shows dialog if MediaPreview does not start
PASS: showOpenFailed uses showNoApplicationFoundDialog (visible, not toast-only)
PASS: viewDocument does not silently succeed after MediaPreview miss
PASS: GuardTalkHtmlViewerLaunch still-image MIME jpeg/png/webp
PASS: GuardTalkHtmlViewerLaunch live code does not use image/* or */* (javadoc negatives ignored)
PASS: GuardTalkHtmlViewerLaunch explicit HTMLViewer component
PASS: GuardTalkHtmlViewerLaunch ACTION_VIEW + setClassName
PASS: GuardTalkHtmlViewerLaunch grants read URI permission
PASS: Validator HtmlViewerLaunch still-image MIME jpeg/png/webp
PASS: Validator HtmlViewerLaunch does not use image/* or */*
PASS: Validator HtmlViewerLaunch explicit HTMLViewer component
PASS: Validator HtmlViewerLaunch ACTION_VIEW + setClassName
PASS: Validator HtmlViewerLaunch openSampleOrExplain uses AlertDialog on fail
PASS: Validator sample path uses SampleImageProvider PNG URI
PASS: Validator fail dialog has a positive button (visible, not silent)
PASS: ValidatorActivity main-path sample PNG via HtmlViewerLaunch
PASS: ValidatorActivity sample open is not on EscapeMenu
PASS: activity_validator.xml has main-path btn_open_sample_image
PASS: sample image button has contentDescription
PASS: Validator fail copy present (not silent)
PASS: EscapeMenu.kt has no sample-image item
PASS: escape_menu.xml has no sample-image item
PASS: EscapeMenu still Settings / cam-mic / status (F-VALIDATOR not fought)
PASS: SampleImageProvider exported=false
PASS: SampleImageProvider grantUriPermissions=true (grant-only)
PASS: SampleImageProvider authority matches SAMPLE_URI
PASS: Validator queries HTMLViewer package
PASS: Validator queries VIEW image/jpeg
PASS: Validator queries VIEW image/png
PASS: Validator queries VIEW image/webp
PASS: Validator queries do not use image/*
PASS: SampleImageProvider grant-only read of sample PNG
PASS: SampleImageProvider insert/delete are no-ops (not a gallery store)
PASS: sample_image.png is a PNG (magic 89 50 4E 47)
PASS: sample_image.png size=69 bytes
PASS: HTMLViewer in GUARDTALK_APPS_KEEP
PASS: Gallery2 still in GUARDTALK_APPS_PACKAGES drop list
PASS: Gallery2 not in KEEP
PASS: ImageViewer not in KEEP or drop (not shipped)
PASS: apps-excised.mk does not PRODUCT_PACKAGES += ImageViewer
PASS: apps-excised.mk does not re-add Gallery2
PASS: GmsCompat still in drop list (B2 not regressed)
PASS: ActionHandlerTest covers jpeg/png in-app MediaPreview fallback
PASS: GuardTalkHtmlViewerLaunchTest covers jpeg/png/webp MIME
PASS: GuardTalkHtmlViewerLaunchTest rejects gif / image/*
PASS: no gallery/ImageViewer dir under vendor/guardtalk/apps (have ['GuardTalkFace', 'GuardTalkCheckin', 'GuardTalkValidator', 'GuardTalkConfig', 'GuardTalkVoice', 'GuardTalkMessenger'])
PY_COUNTS pass=62 fail=0 hold=0
PASS: python structural rematch exit 0

--- lunch komodo-trunk_staging-user (independent; do not skip) ---
export BUILD_DATETIME=1782971948 BUILD_NUMBER=eng.openst
============================================
Commands from vendor/google_devices/komodo/cmds-for-envsetup.sh:
export BUILD_ID_komodo="BP4A.260205.002"
unset PLATFORM_SECURITY_PATCH_komodo
============================================
16:34:42 Build sandboxing disabled due to nsjail error.

============================================
PLATFORM_VERSION_CODENAME=Baklava
PLATFORM_VERSION=Baklava
TARGET_PRODUCT=komodo
TARGET_BUILD_VARIANT=user
TARGET_ARCH=arm64
TARGET_ARCH_VARIANT=armv9-a
TARGET_CPU_VARIANT=cortex-a76
HOST_OS=linux
HOST_OS_EXTRA=Linux-6.8.0-138-generic-x86_64-Ubuntu-24.04.4-LTS
BUILD_ID=BP4A.260205.002
PLATFORM_SECURITY_PATCH=2026-02-05
OUT_DIR=out
SOONG_ONLY=false
============================================
PASS: lunch komodo-trunk_staging-user exit 0
16:34:48 Build sandboxing disabled due to nsjail error.
16:34:54 Build sandboxing disabled due to nsjail error.
16:35:00 Build sandboxing disabled due to nsjail error.
TARGET_PRODUCT=komodo
TARGET_BUILD_VARIANT=user
PASS: TARGET_PRODUCT=komodo
PASS: TARGET_BUILD_VARIANT=user (not userdebug)
--- filtered PRODUCT_PACKAGES (user lunch) ---
PASS: filtered PRODUCT_PACKAGES: HTMLViewer PRESENT
PASS: filtered PRODUCT_PACKAGES: Gallery2 ABSENT
PASS: filtered PRODUCT_PACKAGES: ImageViewer ABSENT
PASS: filtered PRODUCT_PACKAGES: DocumentsUI PRESENT (Files path)
PASS: filtered PRODUCT_PACKAGES: UniversalMediaPlayer PRESENT (supporting video VIEW)
PASS: HTMLViewer token count=1 (no duplicate PRODUCT_PACKAGES +=)

--- adb (query-activities HOLD if empty; not device-fixed) ---
List of devices attached
HOLD: adb devices empty — query-activities HOLD; not device-fixed
HOLD: Q-REMEDIATE-B3-OSUX-DEVICE stays BLOCKED (not folded; needs flashed user image)
HOLD: m HTMLViewer / DocumentsUI / GuardTalkValidator not run this QA stamp
HOLD: PASS HOLD remains; live not claimed; never APPROVED

RESULT: PASS (host)  bash_PASS=31 bash_HOLD=4 bash_FAIL=0 PY_RC=0
LIVE_DEVICE_CLAIMED=false
QUERY_ACTIVITIES=HOLD
Q-REMEDIATE-B3-OSUX-DEVICE=BLOCKED (not folded)
SUITE_COUNTS name=verify_remediate_b3_viewer_host EXIT=0 PASS=93 FAIL=0 HOLD=4 VERDICT=PASS
======== END verify_remediate_b3_viewer_host ========

======== BEGIN verify_remediate_b4_checkin_host ========
=== Q-REMEDIATE-B4-CHECKIN independent rematch (item 20) ===
ROOT=/mnt/Big-Storage/GuardTalk/GrapheneOS-worktree
LIVE_DEVICE_CLAIMED=false
USB_GO=not started
PASS_HOLD=remains

--- required files ---
PASS: present: vendor/guardtalk/apps/GuardTalkCheckin/Android.bp
PASS: present: vendor/guardtalk/apps/GuardTalkCheckin/AndroidManifest.xml
PASS: present: vendor/guardtalk/apps/GuardTalkCheckin/src/com/guardtalk/checkin/CheckinConstants.kt
PASS: present: vendor/guardtalk/apps/GuardTalkCheckin/src/com/guardtalk/checkin/CheckinEndpoint.kt
PASS: present: vendor/guardtalk/apps/GuardTalkCheckin/src/com/guardtalk/checkin/CheckinJobService.kt
PASS: present: vendor/guardtalk/apps/GuardTalkCheckin/src/com/guardtalk/checkin/CheckinTransport.kt
PASS: present: vendor/guardtalk/apps/GuardTalkCheckin/src/com/guardtalk/checkin/CheckinStatusActivity.kt
PASS: present: vendor/guardtalk/checkin/guardtalk-checkin.mk
PASS: present: vendor/guardtalk/checkin/payload.schema.json
PASS: present: vendor/guardtalk/checkin/host/checkin_contract.py
PASS: present: vendor/guardtalk/checkin/host/test_checkin_contract.py
PASS: present: vendor/guardtalk/checkin/host/verify_host.sh
PASS: present: vendor/guardtalk/docs/SEIZURE_CHECKIN.md
PASS: present: vendor/guardtalk/radio-excised/product-config-late.mk

--- INTERVAL_S 12h / schema 43200 (independent rg) ---
PASS: Kotlin INTERVAL_S = 12 * 60 * 60
PASS: Kotlin INTERVAL_MS derived from INTERVAL_S
PASS: Python INTERVAL_S = 12 * 60 * 60
PASS: schema interval_s const 43200
PASS: JobScheduler periodic uses INTERVAL_MS

--- re-run unittest (independent) ---
test_accept_rfc1918 (test_checkin_contract.EndpointTests.test_accept_rfc1918) ... ok
test_accept_v3_onion_http (test_checkin_contract.EndpointTests.test_accept_v3_onion_http) ... ok
test_accept_v3_onion_https (test_checkin_contract.EndpointTests.test_accept_v3_onion_https) ... ok
test_gateway_lan_direct (test_checkin_contract.EndpointTests.test_gateway_lan_direct) ... ok
test_onion_requires_socks_no_clearnet_fallback (test_checkin_contract.EndpointTests.test_onion_requires_socks_no_clearnet_fallback) ... ok
test_reject_onion_v2 (test_checkin_contract.EndpointTests.test_reject_onion_v2) ... ok
test_reject_public_c2 (test_checkin_contract.EndpointTests.test_reject_public_c2) ... ok
test_reject_userinfo_and_bad_scheme (test_checkin_contract.EndpointTests.test_reject_userinfo_and_bad_scheme) ... ok
test_socks_rejects_public_host (test_checkin_contract.EndpointTests.test_socks_rejects_public_host) ... ok
test_interval_is_twelve_hours (test_checkin_contract.IntervalTests.test_interval_is_twelve_hours) ... ok
test_payload_rejects_non_opaque_id (test_checkin_contract.PayloadTests.test_payload_rejects_non_opaque_id) ... ok
test_payload_shape_and_no_pii_keys (test_checkin_contract.PayloadTests.test_payload_shape_and_no_pii_keys) ... ok
test_tor_admin_overdue_contract (test_checkin_contract.TorAdminTests.test_tor_admin_overdue_contract) ... ok

----------------------------------------------------------------------
Ran 13 tests in 0.002s

OK
PASS: python3 -m unittest discover checkin/host  (exit 0)

--- re-run vendor/guardtalk/checkin/host/verify_host.sh ---
=== T-REMEDIATE-B4-CHECKIN host verify (item 20) ===
ROOT=/mnt/Big-Storage/GuardTalk/GrapheneOS-worktree
LIVE_DEVICE_CLAIMED=false
USB_GO=not started

--- required files ---
PASS: present: vendor/guardtalk/apps/GuardTalkCheckin/Android.bp
PASS: present: vendor/guardtalk/apps/GuardTalkCheckin/AndroidManifest.xml
PASS: present: vendor/guardtalk/apps/GuardTalkCheckin/src/com/guardtalk/checkin/CheckinConstants.kt
PASS: present: vendor/guardtalk/apps/GuardTalkCheckin/src/com/guardtalk/checkin/CheckinEndpoint.kt
PASS: present: vendor/guardtalk/apps/GuardTalkCheckin/src/com/guardtalk/checkin/CheckinJobService.kt
PASS: present: vendor/guardtalk/checkin/guardtalk-checkin.mk
PASS: present: vendor/guardtalk/checkin/payload.schema.json
PASS: present: vendor/guardtalk/checkin/host/checkin_contract.py
PASS: present: vendor/guardtalk/docs/SEIZURE_CHECKIN.md
PASS: present: vendor/guardtalk/radio-excised/product-config-late.mk

--- 12 h interval ---
PASS: Kotlin INTERVAL_S is 12 hours
PASS: Python INTERVAL_S is 12 hours
PASS: schema interval_s const 43200

--- no public C2 / no secrets ---
PASS: no public URL C2 in client/host sources
PASS: no private key material
PASS: no pem/pk8/key files under check-in paths
PASS: fail-closed onion/SOCKS + no public DNS in CheckinEndpoint

--- product wiring ---
PASS: product-config-late.mk includes guardtalk-checkin.mk
PASS: GuardTalkCheckin in PRODUCT_PACKAGES

--- contract unittest ---
test_accept_rfc1918 (test_checkin_contract.EndpointTests.test_accept_rfc1918) ... ok
test_accept_v3_onion_http (test_checkin_contract.EndpointTests.test_accept_v3_onion_http) ... ok
test_accept_v3_onion_https (test_checkin_contract.EndpointTests.test_accept_v3_onion_https) ... ok
test_gateway_lan_direct (test_checkin_contract.EndpointTests.test_gateway_lan_direct) ... ok
test_onion_requires_socks_no_clearnet_fallback (test_checkin_contract.EndpointTests.test_onion_requires_socks_no_clearnet_fallback) ... ok
test_reject_onion_v2 (test_checkin_contract.EndpointTests.test_reject_onion_v2) ... ok
test_reject_public_c2 (test_checkin_contract.EndpointTests.test_reject_public_c2) ... ok
test_reject_userinfo_and_bad_scheme (test_checkin_contract.EndpointTests.test_reject_userinfo_and_bad_scheme) ... ok
test_socks_rejects_public_host (test_checkin_contract.EndpointTests.test_socks_rejects_public_host) ... ok
test_interval_is_twelve_hours (test_checkin_contract.IntervalTests.test_interval_is_twelve_hours) ... ok
test_payload_rejects_non_opaque_id (test_checkin_contract.PayloadTests.test_payload_rejects_non_opaque_id) ... ok
test_payload_shape_and_no_pii_keys (test_checkin_contract.PayloadTests.test_payload_shape_and_no_pii_keys) ... ok
test_tor_admin_overdue_contract (test_checkin_contract.TorAdminTests.test_tor_admin_overdue_contract) ... ok

----------------------------------------------------------------------
Ran 13 tests in 0.002s

OK
PASS: unittest checkin_contract

--- Tor admin HOLD honesty ---
PASS: docs + contract record Tor admin HOLD / tor surface
HOLD: Gateway/Tor admin not in this GrapheneOS-worktree — live visibility HOLD
HOLD: adb empty — not device-fixed

PASS=21 FAIL=0 HOLD=2
PASS: verify_host.sh exit 0

--- no public C2 (independent; schema URI is not C2) ---
PASS: no public URL C2 in client src / mk / contract.py
PASS: payload.schema.json $schema is json-schema.org meta URI (not C2)
PASS: unittest names public hosts only as reject cases
PASS: no baked v3 onion in app src / mk
PASS: no baked SOCKS default in app src
PASS: CheckinEndpoint fail-closed comments present
PASS: CheckinEndpoint rejects public IP

--- no pem/pk8/.env under checkin paths ---
PASS: no private key PEM blocks
PASS: no pem/pk8/key/.env under apps/GuardTalkCheckin + checkin

--- product wiring ---
PASS: product-config-late.mk includes guardtalk-checkin.mk
PASS: GuardTalkCheckin in PRODUCT_PACKAGES (source mk)
PASS: Android.bp privileged + system_ext_specific

--- status UI does not display onion URL ---
PASS: status UI shows class only, not onion URL

--- Tor admin live visibility (HOLD expected; do not FAIL) ---
HOLD: Gateway/Tor admin UI ABSENT in this tree — live visibility HOLD
PASS: docs + contract record Tor admin HOLD / admin_surface=tor

--- lunch komodo-trunk_staging-user (independent; GIT_CONFIG session-only) ---
export BUILD_DATETIME=1782971948 BUILD_NUMBER=eng.openst
============================================
Commands from vendor/google_devices/komodo/cmds-for-envsetup.sh:
export BUILD_ID_komodo="BP4A.260205.002"
unset PLATFORM_SECURITY_PATCH_komodo
============================================
16:35:09 Build sandboxing disabled due to nsjail error.

============================================
PLATFORM_VERSION_CODENAME=Baklava
PLATFORM_VERSION=Baklava
TARGET_PRODUCT=komodo
TARGET_BUILD_VARIANT=user
TARGET_ARCH=arm64
TARGET_ARCH_VARIANT=armv9-a
TARGET_CPU_VARIANT=cortex-a76
HOST_OS=linux
HOST_OS_EXTRA=Linux-6.8.0-138-generic-x86_64-Ubuntu-24.04.4-LTS
BUILD_ID=BP4A.260205.002
PLATFORM_SECURITY_PATCH=2026-02-05
OUT_DIR=out
SOONG_ONLY=false
============================================
PASS: lunch komodo-trunk_staging-user exit 0
16:35:15 Build sandboxing disabled due to nsjail error.
16:35:21 Build sandboxing disabled due to nsjail error.
16:35:27 Build sandboxing disabled due to nsjail error.
TARGET_PRODUCT=komodo
TARGET_BUILD_VARIANT=user
PASS: TARGET_PRODUCT=komodo
PASS: TARGET_BUILD_VARIANT=user (not userdebug)
PASS: user PRODUCT_PACKAGES contains GuardTalkCheckin (PRESENT)

--- adb / on-device JobScheduler (HOLD if empty) ---
List of devices attached
HOLD: adb devices empty — on-device JobScheduler HOLD (not device-fixed)

PASS=39 FAIL=0 HOLD=2
SUITE_COUNTS name=verify_remediate_b4_checkin_host EXIT=0 PASS=60 FAIL=0 HOLD=4 VERDICT=PASS
======== END verify_remediate_b4_checkin_host ========

======== BEGIN verify_remediate_b4_messenger_host ========
=== T-REMEDIATE-B4-MESSENGER host rematch (item 19) ===
ROOT=/mnt/Big-Storage/GuardTalk/GrapheneOS-worktree
LIVE_DEVICE_CLAIMED=false
USB_GO=not started

--- required files ---
PASS: present: vendor/guardtalk/apps/GuardTalkMessenger/Android.bp
PASS: present: vendor/guardtalk/apps/GuardTalkMessenger/AndroidManifest.xml
PASS: present: vendor/guardtalk/apps/GuardTalkMessenger/src/com/guardtalk/messenger/MessengerActivity.kt
PASS: present: vendor/guardtalk/apps/GuardTalkMessenger/src/com/guardtalk/messenger/JamiGatewayClient.kt
PASS: present: vendor/guardtalk/apps/GuardTalkMessenger/src/com/guardtalk/messenger/GatewayEndpoint.kt
PASS: present: vendor/guardtalk/radio-excised/product-config-late.mk
PASS: present: vendor/guardtalk/device/komodo/guardtalk-messenger.mk
PASS: present: vendor/guardtalk/device/komodo/guardtalk-production-hardening.mk
PASS: present: vendor/guardtalk/permissions/default-permissions-com.guardtalk.messenger.xml
PASS: present: vendor/guardtalk/docs/GATEWAY_MESSENGER_PROVISION.md

--- package identity + Jami client ---
PASS: Soong name GuardTalkMessenger
PASS: product_specific bake
PASS: manifest com.guardtalk.messenger
PASS: INTERNET for Gateway jamid
PASS: Jami RING addAccount
PASS: Jami sendTextMessage
PASS: RFC1918 fail-closed
PASS: Gateway JSON-RPC path
PASS: default-permissions XML

--- PRODUCT_PACKAGES wiring ---
PASS: late pass PRODUCT_PACKAGES GuardTalkMessenger
PASS: late Soong namespace
PASS: komodo messenger.mk PRODUCT_PACKAGES
PASS: hardening includes messenger.mk

--- no Play Store / browser / GMS in messenger wiring ---
PASS: messenger.mk does not add TrichromeChrome/AppStore/GmsCompat
PASS: SOP forbids Play Store install
PASS: apps-excised still lists TrichromeChrome

--- packet rg ---
vendor/guardtalk/permissions/Android.bp:9:    name: "default-permissions-com.guardtalk.messenger",
vendor/guardtalk/permissions/Android.bp:12:    src: "default-permissions-com.guardtalk.messenger.xml",
vendor/guardtalk/permissions/default-permissions-com.guardtalk.messenger.xml:8:  Package: com.guardtalk.messenger
vendor/guardtalk/permissions/default-permissions-com.guardtalk.messenger.xml:20:    <exception package="com.guardtalk.messenger">
vendor/guardtalk/device/tokay/guardtalk-tokay.mk:40:PRODUCT_PACKAGES += default-permissions-com.guardtalk.messenger
vendor/guardtalk/device/komodo/guardtalk-messenger.mk:1:# GuardTalkOS komodo — Jami Messenger bake (T-REMEDIATE-B4-MESSENGER)
vendor/guardtalk/device/komodo/guardtalk-messenger.mk:15:PRODUCT_PROPERTY_OVERRIDES += ro.guardtalk.messenger=1
vendor/guardtalk/overlays/GuardTalkLauncherOverlay/AndroidManifest.xml:9:     GT Messenger (com.guardtalk.messenger) is pinned on the workspace
vendor/guardtalk/device/komodo/guardtalk-production-hardening.mk:59:# T-REMEDIATE-B4-MESSENGER (item 19): bake Jami GuardTalk Messenger into the
vendor/guardtalk/device/komodo/guardtalk-production-hardening.mk:61:include vendor/guardtalk/device/komodo/guardtalk-messenger.mk
vendor/guardtalk/overlays/GuardTalkLauncherOverlay/res/values/config.xml:10:  and GT Messenger (com.guardtalk.messenger) are intentionally NOT
vendor/guardtalk/device/komodo/REGEN_HOOKS.md:112:include vendor/guardtalk/device/komodo/guardtalk-messenger.mk
vendor/guardtalk/device/komodo/REGEN_HOOKS.md:116:(`com.guardtalk.messenger`) is the bake path. Do **not** restore AppStore /
vendor/guardtalk/device/komodo/REGEN_HOOKS.md:117:TrichromeChrome. Gateway jamid SOP: `vendor/guardtalk/docs/GATEWAY_MESSENGER_PROVISION.md`.
vendor/guardtalk/radio-excised/product-config-late.mk:80:  # T-REMEDIATE-B4-MESSENGER: bake Jami GuardTalk Messenger (com.guardtalk.messenger)
vendor/guardtalk/radio-excised/product-config-late.mk:83:  # Do not add a browser or Play Store; jamid lives on the Gateway LAN
vendor/guardtalk/overlays/GuardTalkLauncherOverlay/res/xml/default_workspace_5x8.xml:14:         (com.guardtalk.messenger/.MessengerActivity)
vendor/guardtalk/overlays/GuardTalkLauncherOverlay/res/xml/default_workspace_5x8.xml:52:        launcher:packageName="com.guardtalk.messenger"
vendor/guardtalk/overlays/GuardTalkLauncherOverlay/res/xml/default_workspace_5x8.xml:53:        launcher:className="com.guardtalk.messenger.MessengerActivity" />
vendor/guardtalk/overlays/GuardTalkLauncherOverlay/res/xml/default_workspace_6x5.xml:14:         (com.guardtalk.messenger/.MessengerActivity)
vendor/guardtalk/overlays/GuardTalkLauncherOverlay/res/xml/default_workspace_6x5.xml:52:        launcher:packageName="com.guardtalk.messenger"
vendor/guardtalk/overlays/GuardTalkLauncherOverlay/res/xml/default_workspace_6x5.xml:53:        launcher:className="com.guardtalk.messenger.MessengerActivity" />
vendor/guardtalk/overlays/GuardTalkLauncherOverlay/res/xml/default_workspace_4x4.xml:14:         (com.guardtalk.messenger/.MessengerActivity)
vendor/guardtalk/overlays/GuardTalkLauncherOverlay/res/xml/default_workspace_4x4.xml:52:        launcher:packageName="com.guardtalk.messenger"
vendor/guardtalk/overlays/GuardTalkLauncherOverlay/res/xml/default_workspace_4x4.xml:53:        launcher:className="com.guardtalk.messenger.MessengerActivity" />
vendor/guardtalk/overlays/GuardTalkLauncherOverlay/res/xml/default_workspace_7x3.xml:14:         (com.guardtalk.messenger/.MessengerActivity)
vendor/guardtalk/overlays/GuardTalkLauncherOverlay/res/xml/default_workspace_7x3.xml:52:        launcher:packageName="com.guardtalk.messenger"
vendor/guardtalk/overlays/GuardTalkLauncherOverlay/res/xml/default_workspace_7x3.xml:53:        launcher:className="com.guardtalk.messenger.MessengerActivity" />
vendor/guardtalk/overlays/GuardTalkLauncherOverlay/res/xml/default_workspace_5x5.xml:19:         (com.guardtalk.messenger/.MessengerActivity)
vendor/guardtalk/overlays/GuardTalkLauncherOverlay/res/xml/default_workspace_5x5.xml:49:        launcher:packageName="com.guardtalk.messenger"
vendor/guardtalk/overlays/GuardTalkLauncherOverlay/res/xml/default_workspace_5x5.xml:50:        launcher:className="com.guardtalk.messenger.MessengerActivity" />
vendor/guardtalk/overlays/GuardTalkLauncherOverlay/res/xml/default_workspace_8x3.xml:14:         (com.guardtalk.messenger/.MessengerActivity)
vendor/guardtalk/overlays/GuardTalkLauncherOverlay/res/xml/default_workspace_8x3.xml:52:        launcher:packageName="com.guardtalk.messenger"
vendor/guardtalk/overlays/GuardTalkLauncherOverlay/res/xml/default_workspace_8x3.xml:53:        launcher:className="com.guardtalk.messenger.MessengerActivity" />
vendor/guardtalk/docs/GATEWAY_MESSENGER_PROVISION.md:1:# GuardTalk Messenger — Gateway Jami provision
vendor/guardtalk/docs/GATEWAY_MESSENGER_PROVISION.md:16:`com.guardtalk.messenger`.
vendor/guardtalk/docs/GATEWAY_MESSENGER_PROVISION.md:18:Gateway provision below is the **Jami daemon / rendezvous** path, not an
vendor/guardtalk/docs/GATEWAY_MESSENGER_PROVISION.md:25:| Package | `com.guardtalk.messenger` |
vendor/guardtalk/docs/GATEWAY_MESSENGER_PROVISION.md:28:| Protocol | Jami RING via JSON-RPC 2.0 |
vendor/guardtalk/docs/GATEWAY_MESSENGER_PROVISION.md:30:| URL | `http://<gateway-ip>:8080/jami/jsonrpc` |
vendor/guardtalk/docs/GATEWAY_MESSENGER_PROVISION.md:33:The client does **not** join the public Jami DHT. All traffic stays on the
vendor/guardtalk/docs/GATEWAY_MESSENGER_PROVISION.md:39:SSID), run jamid and expose JSON-RPC on the LAN address only:
vendor/guardtalk/docs/GATEWAY_MESSENGER_PROVISION.md:41:1. Install Jami daemon (`jamid`) from Savoir-faire Linux packages or a
vendor/guardtalk/docs/GATEWAY_MESSENGER_PROVISION.md:42:   pinned in-house build. Do not point the phone at `dl.jami.net`.
vendor/guardtalk/docs/GATEWAY_MESSENGER_PROVISION.md:43:2. Bind an HTTP JSON-RPC adapter to `0.0.0.0:8080` path `/jami/jsonrpc`
vendor/guardtalk/docs/GATEWAY_MESSENGER_PROVISION.md:46:3. Implement (or proxy to jamid D-Bus) these methods:
vendor/guardtalk/docs/GATEWAY_MESSENGER_PROVISION.md:52:| `sendTextMessage` | `[accountId, peerId, body]` | jamid send result |
vendor/guardtalk/docs/GATEWAY_MESSENGER_PROVISION.md:56:5. First launch on device: **Register Jami account**, then send to a 40-hex
vendor/guardtalk/docs/GATEWAY_MESSENGER_PROVISION.md:65:2. Remove the include of `guardtalk-messenger.mk` from
vendor/guardtalk/docs/GATEWAY_MESSENGER_PROVISION.md:68:4. Keep `default-permissions-com.guardtalk.messenger.xml` unless also
vendor/guardtalk/docs/GATEWAY_MESSENGER_PROVISION.md:74:rg -n "guardtalk.messenger|jami|Jami" vendor/guardtalk --glob '!out/**'
vendor/guardtalk/docs/GATEWAY_MESSENGER_PROVISION.md:79:On-device launch and Gateway jamid e2e are **HOLD** (PASS HOLD / adb empty).
vendor/guardtalk/overlays/GuardTalkLauncherOverlay/res/xml/default_workspace_2x2.xml:14:         (com.guardtalk.messenger/.MessengerActivity)
vendor/guardtalk/overlays/GuardTalkLauncherOverlay/res/xml/default_workspace_2x2.xml:52:        launcher:packageName="com.guardtalk.messenger"
vendor/guardtalk/overlays/GuardTalkLauncherOverlay/res/xml/default_workspace_2x2.xml:53:        launcher:className="com.guardtalk.messenger.MessengerActivity" />
vendor/guardtalk/overlays/GuardTalkLauncherOverlay/res/xml/default_workspace_3x3.xml:14:         (com.guardtalk.messenger/.MessengerActivity)
vendor/guardtalk/overlays/GuardTalkLauncherOverlay/res/xml/default_workspace_3x3.xml:52:        launcher:packageName="com.guardtalk.messenger"
vendor/guardtalk/overlays/GuardTalkLauncherOverlay/res/xml/default_workspace_3x3.xml:53:        launcher:className="com.guardtalk.messenger.MessengerActivity" />
vendor/guardtalk/overlays/GuardTalkLauncherOverlay/res/xml/default_workspace_4x5.xml:14:         (com.guardtalk.messenger/.MessengerActivity)
vendor/guardtalk/overlays/GuardTalkLauncherOverlay/res/xml/default_workspace_4x5.xml:52:        launcher:packageName="com.guardtalk.messenger"
vendor/guardtalk/overlays/GuardTalkLauncherOverlay/res/xml/default_workspace_4x5.xml:53:        launcher:className="com.guardtalk.messenger.MessengerActivity" />
vendor/guardtalk/feature-excised/guardtalk-feature-excised.mk:95:  PRODUCT_PACKAGES += default-permissions-com.guardtalk.messenger
vendor/guardtalk/apps/GuardTalkMessenger/src/com/guardtalk/messenger/MessengerActivity.kt:1:package com.guardtalk.messenger
vendor/guardtalk/apps/GuardTalkMessenger/src/com/guardtalk/messenger/MessengerActivity.kt:26:    private lateinit var store: JamiAccountStore
vendor/guardtalk/apps/GuardTalkMessenger/src/com/guardtalk/messenger/MessengerActivity.kt:35:    private var client: JamiGatewayClient? = null
vendor/guardtalk/apps/GuardTalkMessenger/src/com/guardtalk/messenger/MessengerActivity.kt:44:        store = JamiAccountStore(this)
vendor/guardtalk/apps/GuardTalkMessenger/src/com/guardtalk/messenger/MessengerActivity.kt:117:        client = JamiGatewayClient(target.url)
vendor/guardtalk/apps/GuardTalkMessenger/src/com/guardtalk/messenger/MessengerActivity.kt:158:    private fun requireGateway(): JamiGatewayClient? {
vendor/guardtalk/apps/GuardTalkMessenger/src/com/guardtalk/messenger/MessengerActivity.kt:181:    private fun onRegistered(result: JamiGatewayClient.RpcResult) {
vendor/guardtalk/apps/GuardTalkMessenger/src/com/guardtalk/messenger/MessengerActivity.kt:216:    private fun onConversations(result: JamiGatewayClient.RpcResult) {
vendor/guardtalk/apps/GuardTalkMessenger/src/com/guardtalk/messenger/MessengerActivity.kt:265:    private fun onSent(result: JamiGatewayClient.RpcResult) {
vendor/guardtalk/apps/GuardTalkMessenger/src/com/guardtalk/messenger/MessengerActivity.kt:284:            token == JamiGatewayClient.ERR_UNREACHABLE ->
vendor/guardtalk/apps/GuardTalkMessenger/src/com/guardtalk/messenger/MessengerActivity.kt:286:            token == JamiGatewayClient.ERR_TIMEOUT ->
vendor/guardtalk/apps/GuardTalkMessenger/src/com/guardtalk/messenger/JamiGatewayClient.kt:1:package com.guardtalk.messenger
vendor/guardtalk/apps/GuardTalkMessenger/src/com/guardtalk/messenger/JamiGatewayClient.kt:12: * Jami daemon JSON-RPC client bound to the GuardTalk Gateway LAN.
vendor/guardtalk/apps/GuardTalkMessenger/src/com/guardtalk/messenger/JamiGatewayClient.kt:14: * Wire: HTTP POST JSON-RPC 2.0 to `http://<rfc1918>:8080/jami/jsonrpc`.
vendor/guardtalk/apps/GuardTalkMessenger/src/com/guardtalk/messenger/JamiGatewayClient.kt:15: * Methods match jamid ConfigurationManager (`addAccount`, `getConversations`,
vendor/guardtalk/apps/GuardTalkMessenger/src/com/guardtalk/messenger/JamiGatewayClient.kt:18:class JamiGatewayClient(
vendor/guardtalk/apps/GuardTalkMessenger/src/com/guardtalk/messenger/JamiGatewayClient.kt:104:        private const val TAG = "GTMsg/JamiRpc"
vendor/guardtalk/apps/GuardTalkMessenger/src/com/guardtalk/messenger/GatewayEndpoint.kt:1:package com.guardtalk.messenger

--- python structural rematch ---
PASS: manifest package com.guardtalk.messenger
PASS: manifest has no store/browser package
PASS: GatewayEndpoint RFC1918 + JSONRPC_PATH
PASS: late mk adds GuardTalkMessenger
PASS: SOP names jamid, bake, and rejects pm install
PY_COUNTS PASS_COUNT=5 FAIL_COUNT=0 HOLD_COUNT=0
PASS: python structural rematch exit 0

--- lunch komodo-trunk_staging-user ---
export BUILD_DATETIME=1782971948 BUILD_NUMBER=eng.openst
============================================
Commands from vendor/google_devices/komodo/cmds-for-envsetup.sh:
export BUILD_ID_komodo="BP4A.260205.002"
unset PLATFORM_SECURITY_PATCH_komodo
============================================
16:35:36 Build sandboxing disabled due to nsjail error.

============================================
PLATFORM_VERSION_CODENAME=Baklava
PLATFORM_VERSION=Baklava
TARGET_PRODUCT=komodo
TARGET_BUILD_VARIANT=user
TARGET_ARCH=arm64
TARGET_ARCH_VARIANT=armv9-a
TARGET_CPU_VARIANT=cortex-a76
HOST_OS=linux
HOST_OS_EXTRA=Linux-6.8.0-138-generic-x86_64-Ubuntu-24.04.4-LTS
BUILD_ID=BP4A.260205.002
PLATFORM_SECURITY_PATCH=2026-02-05
OUT_DIR=out
SOONG_ONLY=false
============================================
PASS: lunch komodo-trunk_staging-user exit 0
16:35:42 Build sandboxing disabled due to nsjail error.
16:35:48 Build sandboxing disabled due to nsjail error.
16:35:54 Build sandboxing disabled due to nsjail error.
TARGET_PRODUCT=komodo
TARGET_BUILD_VARIANT=user
PASS: TARGET_PRODUCT=komodo
PASS: TARGET_BUILD_VARIANT=user (not userdebug)
PASS: user PRODUCT_PACKAGES contains GuardTalkMessenger
PASS: user PRODUCT_PACKAGES still has default-permissions-com.guardtalk.messenger
PASS: user PRODUCT_PACKAGES: TrichromeChrome/AppStore ABSENT
HOLD: adb devices empty — on-device Messenger e2e HOLD
HOLD: m GuardTalkMessenger not run this card (Soong compile HOLD until rebuild)
HOLD: Gateway jamid e2e HOLD (no USB GO; PASS HOLD remains)
HOLD: not device-fixed; never APPROVED

SUMMARY PASS=33 FAIL=0 HOLD=4
VERDICT PASS (host-static; PASS HOLD remains)
SUITE_COUNTS name=verify_remediate_b4_messenger_host EXIT=0 PASS=38 FAIL=0 HOLD=4 VERDICT=PASS
======== END verify_remediate_b4_messenger_host ========

======== BEGIN verify_remediate_b4_messenger_ux_host ========
=== Q-REMEDIATE-B4-MESSENGER UX rematch (item 19) ===
ROOT=/mnt/Big-Storage/GuardTalk/GrapheneOS-worktree
LIVE_DEVICE_CLAIMED=false
F/Backend reports: not trusted
USB_GO=not started

--- required UX files ---
PASS: present: vendor/guardtalk/apps/GuardTalkMessenger/res/values/strings.xml
PASS: present: vendor/guardtalk/apps/GuardTalkMessenger/res/layout/activity_messenger.xml
PASS: present: vendor/guardtalk/apps/GuardTalkMessenger/src/com/guardtalk/messenger/MessengerActivity.kt
PASS: present: vendor/guardtalk/apps/GuardTalkMessenger/src/com/guardtalk/messenger/JamiGatewayClient.kt
PASS: present: vendor/guardtalk/apps/GuardTalkMessenger/src/com/guardtalk/messenger/GatewayEndpoint.kt
PASS: present: vendor/guardtalk/apps/GuardTalkMessenger/AndroidManifest.xml
PASS: present: vendor/guardtalk/overlays/GuardTalkLauncherOverlay/res/values/config.xml

--- python UX + protocol rematch ---
PASS: app_name is GT Messenger
PASS: manifest launcher label uses @string/app_name
PASS: first_run_hint present (Gateway + off-LAN)
PASS: layout binds first_run_hint
PASS: unreachable copy distinct from unregistered
PASS: no-Wi-Fi copy distinct from unregistered
PASS: not-RFC1918 copy fail-closed (no public Jami)
PASS: unreachable copy names port 8080 + jamid
PASS: timeout copy distinct from unregistered
PASS: bindFailureCopy does not use unregistered copy
PASS: mapRpcError maps unreachable token to err_gateway_unreachable
PASS: empty state log_need_gateway
PASS: empty state log_need_register
PASS: empty state log_empty
PASS: Activity paints three empty-state strings
PASS: layout default empty state is need-gateway
PASS: GatewayEndpoint JSONRPC_PORT=8080
PASS: GatewayEndpoint JSONRPC_PATH=/jami/jsonrpc
PASS: URL built only from RFC1918 host + PORT + PATH
PASS: isRfc1918 covers 10/8, 192.168/16, 172.16/12
PASS: resolve() fail-closed when not RFC1918
PASS: RFC1918 vectors 14/14
PASS: IPv6 fail-closed (non-IPv4 rejected)
PASS: JSON-RPC methods exactly addAccount/getConversations/sendTextMessage
PASS: wrapper still calls addAccount
PASS: wrapper still calls getConversations
PASS: wrapper still calls sendTextMessage
PASS: app sources have no dl.jami.net / public DHT host
PASS: no hardcoded public http(s) endpoint in Gateway/RPC
PASS: exactly 9 default_workspace_*.xml grids
PASS: workspace filenames match 9 known launcher grids
PASS: default_workspace_2x2.xml pins MessengerActivity x=1 y=0
PASS: default_workspace_2x2.xml no TrichromeChrome/AppStore favorite
PASS: default_workspace_3x3.xml pins MessengerActivity x=1 y=0
PASS: default_workspace_3x3.xml no TrichromeChrome/AppStore favorite
PASS: default_workspace_4x4.xml pins MessengerActivity x=1 y=0
PASS: default_workspace_4x4.xml no TrichromeChrome/AppStore favorite
PASS: default_workspace_4x5.xml pins MessengerActivity x=1 y=0
PASS: default_workspace_4x5.xml no TrichromeChrome/AppStore favorite
PASS: default_workspace_5x5.xml pins MessengerActivity x=0 y=0
PASS: default_workspace_5x5.xml no TrichromeChrome/AppStore favorite
PASS: default_workspace_5x8.xml pins MessengerActivity x=1 y=0
PASS: default_workspace_5x8.xml no TrichromeChrome/AppStore favorite
PASS: default_workspace_6x5.xml pins MessengerActivity x=1 y=0
PASS: default_workspace_6x5.xml no TrichromeChrome/AppStore favorite
PASS: default_workspace_7x3.xml pins MessengerActivity x=1 y=0
PASS: default_workspace_7x3.xml no TrichromeChrome/AppStore favorite
PASS: default_workspace_8x3.xml pins MessengerActivity x=1 y=0
PASS: default_workspace_8x3.xml no TrichromeChrome/AppStore favorite
PASS: 9/9 grids pin com.guardtalk.messenger/.MessengerActivity
PASS: Messenger absent from filtered_components items
PASS: Activity BindState includes NO_WIFI and NOT_PRIVATE
PASS: RPC client constructed only after resolve() Target
PY_COUNTS PASS_COUNT=53 FAIL_COUNT=0 HOLD_COUNT=0
PASS: python UX rematch exit 0

--- adb / jamid e2e (must HOLD if empty) ---
List of devices attached
HOLD: adb devices empty — jamid e2e HOLD. Not device-fixed.
HOLD: m GuardTalkMessenger not run (Soong compile HOLD)
HOLD: Gateway jamid e2e HOLD (no USB GO; PASS HOLD remains)
HOLD: never APPROVED; not live

SUMMARY PASS=8 FAIL=0 HOLD=4
VERDICT PASS (host-static UX; PASS HOLD remains)
SUITE_COUNTS name=verify_remediate_b4_messenger_ux_host EXIT=0 PASS=61 FAIL=0 HOLD=4 VERDICT=PASS
======== END verify_remediate_b4_messenger_ux_host ========

======== BEGIN verify_remediate_b4_wifi_gw_host ========
=== Q-REMEDIATE-B4-WIFI-GW independent rematch (item 21) ===
ROOT=/mnt/Big-Storage/GuardTalk/GrapheneOS-worktree
LIVE_DEVICE_CLAIMED=false
USB_GO=not started
OPEN_WIFI=forbidden
STALE_OUT_WPA=HOLD (not SoT)

--- required files ---
PASS: present: vendor/guardtalk/device/komodo/guardtalk-wifi-gateway.mk
PASS: present: vendor/guardtalk/device/komodo/init.guardtalk.wifi-gateway.rc
PASS: present: vendor/guardtalk/device/komodo/wifi/wpa_supplicant_overlay.conf
PASS: present: vendor/guardtalk/device/komodo/wifi/guardtalk_gateway_ssids
PASS: present: vendor/google_devices/komodo/proprietary/vendor/etc/wifi/wpa_supplicant_overlay.conf
PASS: present: vendor/guardtalk/overlays/GuardTalkFrameworksBaseOverlay/res/values/config.xml
PASS: present: vendor/guardtalk/overlays/GuardTalkSettingsOverlay/res/values/config.xml
PASS: present: vendor/guardtalk/device/komodo/guardtalk-production-hardening.mk
PASS: present: vendor/guardtalk/radio-excised/guardtalk-radio-excised.mk
PASS: present: vendor/guardtalk/device/komodo/REGEN_HOOKS.md

--- packet rg (first-user / wpa / SSID file) ---
45:         creation. no_add_wifi_config disables Settings add-network and
48:         the signed GMP SSID. no_wifi_tethering / no_wifi_direct close
50:         no_config_wifi_private/shared here — that blocks privileged GMP
54:        <item>no_add_wifi_config</item>
55:        <item>no_wifi_tethering</item>
56:        <item>no_wifi_direct</item>

11:interworking=0
12:hs20=0
13:auto_interworking=0
20:filter_ssids=1

vendor/guardtalk/device/komodo/guardtalk-production-hardening.mk:69:include vendor/guardtalk/device/komodo/guardtalk-wifi-gateway.mk
vendor/guardtalk/device/komodo/guardtalk-wifi-gateway.mk:24:    vendor/google_devices/komodo/proprietary/vendor/etc/wifi/wpa_supplicant_overlay.conf:$(TARGET_COPY_OUT_VENDOR)/etc/wifi/wpa_supplicant_overlay.conf, \
vendor/guardtalk/device/komodo/guardtalk-wifi-gateway.mk:28:    vendor/guardtalk/device/komodo/wifi/wpa_supplicant_overlay.conf:$(TARGET_COPY_OUT_VENDOR)/etc/wifi/wpa_supplicant_overlay.conf \
vendor/guardtalk/device/komodo/guardtalk-wifi-gateway.mk:29:    vendor/guardtalk/device/komodo/wifi/guardtalk_gateway_ssids:$(TARGET_COPY_OUT_VENDOR)/etc/wifi/guardtalk_gateway_ssids \
vendor/guardtalk/device/komodo/guardtalk-wifi-gateway.mk:35:    ro.guardtalk.wifi.ssid_allowlist_path=/vendor/etc/wifi/guardtalk_gateway_ssids

--- first-user overlay (GuardTalkFrameworksBaseOverlay) ---
PASS: first-user restriction no_add_wifi_config
PASS: first-user restriction no_wifi_tethering
PASS: first-user restriction no_wifi_direct
PASS: config_defaultFirstUserRestrictions present
PASS: first-user does not set no_config_wifi_private (GMP add path)
PASS: first-user does not set no_config_wifi_shared (GMP add path)

--- Settings overlay (do not open Wi-Fi / hotspot) ---
PASS: Wi-Fi settings stay shown (gateway path visible)
PASS: hotspot settings stay hidden
PASS: hotspot not re-opened

--- GuardTalk wpa overlay ---
PASS: wpa overlay filter_ssids=1
PASS: wpa overlay hs20=0
PASS: wpa overlay interworking=0
PASS: GuardTalk wpa overlay is not Pixel hs20=1
PASS: GuardTalk wpa overlay is not Pixel interworking=1
PASS: filter_ssids is not 0

--- Pixel wpa overlay (source; must be filtered at lunch) ---
PASS: Pixel source still hs20=1 (must not ship)
PASS: Pixel source still interworking=1 (must not ship)
PASS: Pixel source has no filter_ssids (late overlay must add it)

--- SSID allowlist file (comments only, zero SSIDs) ---
SSID_NONCOMMENT_COUNT=0
PASS: guardtalk_gateway_ssids has zero non-comment SSID lines
PASS: komodo wifi dir has no PSK/passphrase

--- wifi-gateway.mk + harden include ---
PASS: production-hardening.mk includes guardtalk-wifi-gateway.mk
PASS: wifi-gateway.mk filter-out Pixel wpa overlay
PASS: wifi-gateway.mk names Pixel overlay dest to drop
PASS: wifi-gateway.mk copies GuardTalk wpa overlay
PASS: wifi-gateway.mk copies SSID list
PASS: wifi-gateway.mk copies vendor init rc
PASS: wifi-gateway.mk sets gateway_only=1
PASS: wifi-gateway.mk sets fail_closed=1
PASS: wifi-gateway.mk does not add PRODUCT_PACKAGES
PASS: wifi-gateway.mk does not restore RIL/BT/NFC

--- vendor init (wifi-gateway.rc) ---
PASS: wifi-gateway.rc re-asserts persist.vendor.wifi.guardtalk_gateway_only 1
PASS: wifi-gateway.rc has on post-fs-data
PASS: wifi-gateway.rc does not touch persist.radio.disabled
PASS: wifi-gateway.rc does not start RIL
PASS: wifi-gateway.rc does not ctl.start services

--- RIL stays disabled (must not re-enable) ---
PASS: radio-excised still sets persist.radio.disabled=1
PASS: no persist.radio.disabled=0 in vendor/guardtalk mk/rc/prop/bp

--- REGEN_HOOKS documents late Pixel filter-out ---
PASS: REGEN_HOOKS names guardtalk-wifi-gateway.mk
PASS: REGEN_HOOKS documents Pixel wpa filter-out

--- python structural rematch ---
PASS: first-user restrictions parsed: ['no_install_unknown_sources', 'no_add_wifi_config', 'no_wifi_tethering', 'no_wifi_direct']
PASS: first-user has no_add_wifi_config
PASS: first-user has no_wifi_tethering
PASS: first-user has no_wifi_direct
PASS: first-user has no_install_unknown_sources
PASS: first-user does not set no_config_wifi_private
PASS: first-user does not set no_config_wifi_shared
PASS: first-user does not set no_config_wifi
PASS: wpa overlay exact filter_ssids=1
PASS: wpa overlay exact hs20=0
PASS: wpa overlay exact interworking=0
PASS: Pixel overlay remains hs20=1/interworking=1 (must be filtered at lunch)
PASS: SSID file comments/blanks only (zero SSIDs)
PASS: SSID file has no secret-like token
PASS: no secret-like token in guardtalk_gateway_ssids
PASS: no secret-like token in wpa_supplicant_overlay.conf
PASS: harden mk includes wifi-gateway overlay
PASS: wifi-gateway.mk filter-out Pixel wpa overlay
PASS: mk copies vendor/guardtalk/device/komodo/wifi/wpa_supplicant_overlay.conf
PASS: mk copies vendor/guardtalk/device/komodo/wifi/guardtalk_gateway_ssids
PASS: mk copies vendor/guardtalk/device/komodo/init.guardtalk.wifi-gateway.rc
PASS: wifi-gateway.rc post-fs-data re-assert
PASS: wifi-gateway.rc does not re-enable RIL
PASS: radio-excised persist.radio.disabled=1 remains
HOLD: no in-tree Java/Kotlin/C reader of guardtalk_gateway_ssids / ssid_allowlist_path — vendor list is not a runtime firewall; wpa filter_ssids uses saved networks; empty saved set does not filter association until an SSID is saved
PY_COUNTS PASS_COUNT=24 FAIL_COUNT=0 HOLD_COUNT=1
PASS: python structural rematch exit 0

--- lunch komodo-trunk_staging-user (independent; do not skip) ---
export BUILD_DATETIME=1782971948 BUILD_NUMBER=eng.openst
============================================
Commands from vendor/google_devices/komodo/cmds-for-envsetup.sh:
export BUILD_ID_komodo="BP4A.260205.002"
unset PLATFORM_SECURITY_PATCH_komodo
============================================
16:36:03 Build sandboxing disabled due to nsjail error.

============================================
PLATFORM_VERSION_CODENAME=Baklava
PLATFORM_VERSION=Baklava
TARGET_PRODUCT=komodo
TARGET_BUILD_VARIANT=user
TARGET_ARCH=arm64
TARGET_ARCH_VARIANT=armv9-a
TARGET_CPU_VARIANT=cortex-a76
HOST_OS=linux
HOST_OS_EXTRA=Linux-6.8.0-138-generic-x86_64-Ubuntu-24.04.4-LTS
BUILD_ID=BP4A.260205.002
PLATFORM_SECURITY_PATCH=2026-02-05
OUT_DIR=out
SOONG_ONLY=false
============================================
PASS: lunch komodo-trunk_staging-user exit 0
16:36:09 Build sandboxing disabled due to nsjail error.
16:36:15 Build sandboxing disabled due to nsjail error.
16:36:21 Build sandboxing disabled due to nsjail error.
16:36:27 Build sandboxing disabled due to nsjail error.
16:36:35 Build sandboxing disabled due to nsjail error.
TARGET_PRODUCT=komodo
TARGET_BUILD_VARIANT=user
PASS: TARGET_PRODUCT=komodo
PASS: TARGET_BUILD_VARIANT=user (not userdebug)
PASS: PRODUCT_PROPERTY_OVERRIDES contains persist.radio.disabled=1 (RIL stays disabled)
PASS: PRODUCT_PROPERTY_OVERRIDES does not set persist.radio.disabled=0
PASS: PRODUCT_PROPERTY_OVERRIDES contains ro.guardtalk.wifi.gateway_only=1
PASS: PRODUCT_PROPERTY_OVERRIDES contains ro.guardtalk.wifi.fail_closed=1
--- filtered PRODUCT_COPY_FILES wifi hits ---
vendor/google_devices/komodo/proprietary/vendor/etc/wifi/p2p_supplicant_overlay.conf:vendor/etc/wifi/p2p_supplicant_overlay.conf
vendor/guardtalk/device/komodo/wifi/wpa_supplicant_overlay.conf:vendor/etc/wifi/wpa_supplicant_overlay.conf
vendor/guardtalk/device/komodo/wifi/guardtalk_gateway_ssids:vendor/etc/wifi/guardtalk_gateway_ssids
vendor/guardtalk/device/komodo/init.guardtalk.wifi-gateway.rc:vendor/etc/init/init.guardtalk.wifi-gateway.rc
PASS: PRODUCT_COPY_FILES includes GuardTalk wpa_supplicant_overlay.conf
PASS: Pixel wpa_supplicant_overlay.conf ABSENT from PRODUCT_COPY_FILES
PASS: PRODUCT_COPY_FILES includes guardtalk_gateway_ssids
PASS: PRODUCT_COPY_FILES includes init.guardtalk.wifi-gateway.rc
PASS: p2p_supplicant_overlay.conf still copied (no_wifi_direct is the block)
--- filtered PRODUCT_PACKAGES overlay / radio hits ---
GuardTalkFrameworksBaseOverlay
GuardTalkSettingsOverlay
PASS: user PRODUCT_PACKAGES contains GuardTalkFrameworksBaseOverlay
PASS: user PRODUCT_PACKAGES contains GuardTalkSettingsOverlay
PASS: user PRODUCT_PACKAGES: NFC/BT HAL packages still ABSENT

--- stale out/ (HOLD until rebuild; not PASS/FAIL of this card) ---
--- stale out wpa overlay ---
6:interworking=1
7:hs20=1
8:auto_interworking=0
HOLD: stale out wpa overlay still Pixel hs20=1/interworking=1 — HOLD until rebuild (not FAIL)
HOLD: stale out missing guardtalk_gateway_ssids — HOLD until rebuild
HOLD: stale out missing init.guardtalk.wifi-gateway.rc — HOLD until rebuild
HOLD: m not run this QA stamp (stale vendor wifi overlay not product truth; never device-fixed)

--- empty saved-set / association HOLD ---
HOLD: empty saved-network set does not filter association until an SSID is saved (wpa filter_ssids); first-user no_add_wifi_config is the pre-provision Settings block
HOLD: upgrade users already created: default-restrictions apply at user creation only (not rematched live)

--- adb / on-device associate ---
List of devices attached
HOLD: adb devices empty / no komodo 54111FDAS000GN — on-device associate HOLD, never device-fixed
HOLD: on-device coffee-shop / non-gateway associate HOLD (not claimed live)
HOLD: PASS HOLD remains; never APPROVED this panel

RESULT: PASS (host)  bash_PASS=65 bash_HOLD=9 PY_RC=0
LIVE_DEVICE_CLAIMED=false
STALE_OUT_WPA=HOLD
ONDEVICE_ASSOCIATE=HOLD
EMPTY_SAVED_SET_FILTER=HOLD
DEVICE=HOLD
PASS_HOLD=remains
VERDICT PASS (host-static; PASS HOLD remains)
SUITE_COUNTS name=verify_remediate_b4_wifi_gw_host EXIT=0 PASS=89 FAIL=0 HOLD=10 VERDICT=PASS
======== END verify_remediate_b4_wifi_gw_host ========

======== BEGIN verify_remediate_b5_bootzip_host ========
=== Q-REMEDIATE-B5-BOOTZIP independent rematch (item 22 residual) ===
ROOT=/mnt/Big-Storage/GuardTalk/GrapheneOS-worktree
LIVE_DEVICE_CLAIMED=false
USB_GO=not started
M_BUILD=not started
ZIP_REWRITE=not started (QA must not rewrite product zip/PNG)

--- required files ---
PASS: present: vendor/guardtalk/branding/bootanimation/logo_1008x2244.png
PASS: present: vendor/guardtalk/branding/bootanimation/bootanimation.zip
PASS: present: vendor/guardtalk/branding/GuardTalkOS_Brand_Assets/01_boot_animation/bootanimation.zip
PASS: present: vendor/guardtalk/branding/GuardTalkOS_Brand_Assets/01_boot_animation/logo_1008x2244.png
PASS: present: vendor/guardtalk/branding/GuardTalkOS_Brand_Assets/01_boot_animation/desc.txt
PASS: present: vendor/guardtalk/branding/bootanimation/bootanimation-dark.zip
PASS: present: vendor/guardtalk/branding/guardtalk-theme.mk
PASS: present: vendor/guardtalk/device/emu64a/guardtalk-emu-layer.mk
PASS: present: vendor/guardtalk/docs/qa/verify_brand_sweep_static.sh
PASS: present: vendor/guardtalk/docs/qa/verify_remediate_b5_branding_host.sh

--- branding QA script must remain (this card must not overwrite it) ---
PASS: verify_remediate_b5_branding_host.sh still HOLDs 1080 zip (not overwritten)

--- file(1) source PNG (libmagic; not a Frontend dump) ---
file: PNG image data, 1008 x 2244, 8-bit/color RGB, non-interlaced
PASS: file(1) reports 1008 x 2244

--- unzip -v product (Method Stored) ---
Archive:  vendor/guardtalk/branding/bootanimation/bootanimation.zip
 Length   Method    Size  Cmpr    Date    Time   CRC-32   Name
--------  ------  ------- ---- ---------- ----- --------  ----
      37  Stored       37   0% 2026-09-16 15:09 5c45312b  desc.txt
   76346  Stored    76346   0% 2026-09-16 15:09 0e55c35f  part0/000.png
   76346  Stored    76346   0% 2026-09-16 15:09 0e55c35f  part1/000.png
--------          -------  ---                            -------
  152729           152729   0%                            3 files
PASS: unzip -v product: no Deflated members

--- PRODUCT_COPY wiring (source only; do not m) ---
PASS: guardtalk-theme.mk PRODUCT_COPY product zip (komodo path)
PASS: guardtalk-theme.mk dark-zip filter present (dark zip not PRODUCT_COPY)
PASS: emu64a PRODUCT_COPY brand-kit bootanimation.zip

--- python zipfile STORED + IHDR + byte-identity (stdlib; no PIL) ---
LOGO_MD5 65ab3a358806ad87c2e1ed8fe6b9f958 len=76346
LOGO_IHDR w=1008 h=2244 bit=8 color=2
PASS: logo IHDR exactly 1008×2244
PASS: brand-kit logo PNG bytes match product logo
product_ZIP_MD5 c9e027553e2d09bd401f63c8bc1a4070 len=153047
product_NAMES ['desc.txt', 'part0/000.png', 'part1/000.png'] count=3
PASS: product all 3 members STORED
product_DESC_FIRST '1008 2244 24'
PASS: product desc.txt first line '1008 2244 24'
PASS: product zip has part0/000.png and part1/000.png only
product_IHDR part0/000.png w=1008 h=2244 bit=8 color=2
product_IHDR part1/000.png w=1008 h=2244 bit=8 color=2
PASS: product 2 PNG IHDR 1008×2244
PASS: product part0/000.png bytes identical to logo_1008x2244.png
PASS: product part1/000.png bytes identical to logo_1008x2244.png
kit_ZIP_MD5 c9e027553e2d09bd401f63c8bc1a4070 len=153047
kit_NAMES ['desc.txt', 'part0/000.png', 'part1/000.png'] count=3
PASS: kit all 3 members STORED
kit_DESC_FIRST '1008 2244 24'
PASS: kit desc.txt first line '1008 2244 24'
PASS: kit zip has part0/000.png and part1/000.png only
kit_IHDR part0/000.png w=1008 h=2244 bit=8 color=2
kit_IHDR part1/000.png w=1008 h=2244 bit=8 color=2
PASS: kit 2 PNG IHDR 1008×2244
PASS: kit part0/000.png bytes identical to logo_1008x2244.png
PASS: kit part1/000.png bytes identical to logo_1008x2244.png
PASS: product zip bytes identical to brand-kit copy
PASS: brand-kit desc.txt file first line '1008 2244 24'
dark_ZIP_MD5 7ba676c5704c6e6ab962fb34cc6590ef len=3172137
dark_NAMES ['desc.txt', 'part0/000.png', 'part0/001.png', 'part0/002.png', 'part0/003.png', 'part0/004.png', 'part0/005.png', 'part0/006.png'] count=67
PASS: dark all 67 members STORED
dark_DESC_FIRST '1080 2400 24'
PASS: dark desc.txt first line '1080 2400 24'
dark_PNG_COUNT 66
dark_IHDR part0/000.png w=1080 h=2400 bit=8 color=2
PASS: dark 66 PNG IHDR 1080×2400
PASS: dark frames are not the 1008 logo (1080 dark zip OK)
PASS: dark zip md5 still 7ba676c5704c6e6ab962fb34cc6590ef (untouched)
SWEEP_EXPECTED_MD5 c9e027553e2d09bd401f63c8bc1a4070
PRODUCT_ZIP_MD5 c9e027553e2d09bd401f63c8bc1a4070
PASS: brand-sweep EXPECTED_MD5 matches product zip
PY_COUNTS PASS_COUNT=22 FAIL_COUNT=0 HOLD_COUNT=0
PASS: python zip rematch exit 0

--- brand-sweep script: stale pin must HOLD not FAIL product ---
32:EXPECTED_MD5="c9e027553e2d09bd401f63c8bc1a4070"
96:    hold "bootanimation.zip md5=$got (EXPECTED_MD5=$EXPECTED_MD5 product 1008×2244 pin; mismatch HOLD — not product FAIL)"
PASS: verify_brand_sweep_static.sh HOLDs stale bootanimation.md5 (does not FAIL product)

--- secrets (pem/pk8/.env under branding) ---
PASS: no pem/pk8/.env under branding

--- stale out/ product media (no m this card) ---
out/komodo md5=7ba676c5704c6e6ab962fb34cc6590ef source=c9e027553e2d09bd401f63c8bc1a4070
HOLD: out/komodo product/media/bootanimation.zip md5=7ba676c5704c6e6ab962fb34cc6590ef != source c9e027553e2d09bd401f63c8bc1a4070 (stale out; not product FAIL)
out/tokay md5=7ba676c5704c6e6ab962fb34cc6590ef source=c9e027553e2d09bd401f63c8bc1a4070
HOLD: out/tokay product/media/bootanimation.zip md5=7ba676c5704c6e6ab962fb34cc6590ef != source c9e027553e2d09bd401f63c8bc1a4070 (stale out; not product FAIL)
out/akita md5=7ba676c5704c6e6ab962fb34cc6590ef source=c9e027553e2d09bd401f63c8bc1a4070
HOLD: out/akita product/media/bootanimation.zip md5=7ba676c5704c6e6ab962fb34cc6590ef != source c9e027553e2d09bd401f63c8bc1a4070 (stale out; not product FAIL)

--- adb (device HOLD if empty) ---
List of devices attached
HOLD: adb devices -l empty / no komodo 54111FDAS000GN — on-device boot HOLD, never device-fixed

RESULT: PASS (host)  bash_PASS=19 bash_HOLD=4 PY_RC=0
LIVE_DEVICE_CLAIMED=false
DEVICE=HOLD
PASS_HOLD=remains
M_BUILD=not started
SUITE_COUNTS name=verify_remediate_b5_bootzip_host EXIT=0 PASS=41 FAIL=0 HOLD=4 VERDICT=PASS
======== END verify_remediate_b5_bootzip_host ========

======== BEGIN verify_remediate_b5_branding_host ========
=== Q-REMEDIATE-B5-BRANDING independent rematch (items 22, 23) ===
ROOT=/mnt/Big-Storage/GuardTalk/GrapheneOS-worktree
LIVE_DEVICE_CLAIMED=false
USB_GO=not started
ZIP_REBUILD=not started (USERBUILD not delayed)

--- required files ---
PASS: present: vendor/guardtalk/branding/bootanimation/logo_1008x2244.png
PASS: present: vendor/guardtalk/overlays/GuardTalkSetupWizardOverlay/res/drawable-nodpi/guardtalk_welcome_square.png
PASS: present: vendor/guardtalk/overlays/GuardTalkSetupWizardOverlay/AndroidManifest.xml
PASS: present: vendor/guardtalk/overlays/GuardTalkSetupWizardOverlay/Android.bp
PASS: present: vendor/guardtalk/branding/bootanimation/bootanimation.zip
PASS: present brand-kit boot copy: vendor/guardtalk/branding/GuardTalkOS_Brand_Assets/01_boot_animation/logo_1008x2244.png
PASS: present brand-kit SUW copy: vendor/guardtalk/branding/GuardTalkOS_Brand_Assets/07_setup_wizard/guardtalk_welcome_square_transparent.png

--- item 22 file(1) IHDR (libmagic; second decoder) ---
file: PNG image data, 1008 x 2244, 8-bit/color RGB, non-interlaced
PASS: file(1) reports 1008 x 2244
PASS: file(1) reports PNG

--- item 23 file(1) overlay PNG ---
file: PNG image data, 1024 x 1024, 8-bit/color RGBA, non-interlaced
PASS: file(1) reports 1024 x 1024
PASS: file(1) reports RGBA

--- item 23 XML placeholder ABSENT ---
PASS: res/drawable/guardtalk_welcome_square.xml ABSENT
PASS: overlay res/drawable has no XML files

--- overlay package ---
PASS: AndroidManifest package=com.guardtalk.overlay.setupwizard
PASS: overlay targets app.grapheneos.setupwizard

--- python IHDR + luma-sum>80 bbox + SUW RGBA corners (zlib decoder) ---
BOOT_IHDR w=1008 h=2244 bit=8 color=2 ch=3
PASS: python IHDR exactly 1008×2244
PASS: boot PNG color type 2 (RGB)
BOOT_CORNERS tl=(10, 11, 12) tr=(10, 11, 12) bl=(10, 11, 12) br=(10, 11, 12)
PASS: boot canvas corners are dark (10,11,12) — luma-sum>30 is unsafe
BOOT_BBOX luma-sum>30 (0, 0, 1007, 2243) n=2261952
PASS: adversarial: luma-sum>30 bbox is the full canvas (decoder trap; not used for AC)
BOOT_BBOX luma-sum>80 (348, 900, 659, 1219) n=40581
BOOT_INSETS L=348 R=348 T=900 B=1024
PASS: G content inside ~12%/14%/12% safe zone (insets L/R 348/348 T 900 B 1024; need L/R>=120 T>=314 B>=269)
PASS: luma-sum>80 bbox exactly (348,900)–(659,1219) insets L/R 348 T 900 B 1024
PASS: brand-kit boot PNG bytes match bootanimation/logo_1008x2244.png
SUW_IHDR w=1024 h=1024 bit=8 color=6 ch=4
PASS: SUW overlay IHDR 1024×1024
PASS: SUW overlay PNG color type 6 (RGBA)
SUW_CORNERS [(0, 0, 0, 0), (0, 0, 0, 0), (0, 0, 0, 0), (0, 0, 0, 0)]
PASS: SUW four corners alpha=0
SUW_CENTER (195, 255, 97, 255)
PASS: SUW center has branded content (alpha=255)
PASS: SUW has 70699 nonzero-alpha pixels (not an empty transparent sheet)
PASS: brand-kit SUW PNG bytes match overlay drawable-nodpi PNG
PASS: python: guardtalk_welcome_square.xml ABSENT
ZIP_DESC_FIRST '1008 2244 24'
HOLD: bootanimation.zip desc.txt '1008 2244 24' — zip rebuild still not this card; not product FAIL
PY_COUNTS PASS_COUNT=14 FAIL_COUNT=0 HOLD_COUNT=1
PASS: python PNG rematch exit 0

--- secrets (pem/pk8/.env under branding + overlay) ---
PASS: no pem/pk8/.env under branding + SetupWizard overlay
PASS: git index has no pem/pk8/.env under branding + overlay

--- identify (optional; ImageMagick) ---
HOLD: identify not installed — python zlib IHDR used; not product FAIL

--- adb (device HOLD if empty) ---
List of devices attached
HOLD: adb devices empty / no komodo 54111FDAS000GN — Welcome + boot HOLD, never device-fixed

RESULT: PASS (host)  bash_PASS=18 bash_HOLD=2 PY_RC=0
LIVE_DEVICE_CLAIMED=false
ZIP=HOLD
DEVICE=HOLD
PASS_HOLD=remains
SUITE_COUNTS name=verify_remediate_b5_branding_host EXIT=0 PASS=32 FAIL=0 HOLD=3 VERDICT=PASS
======== END verify_remediate_b5_branding_host ========

======== BEGIN verify_remediate_b5_defaults_host ========
=== Q-REMEDIATE-B5-DEFAULTS independent rematch (item 24) ===
ROOT=/mnt/Big-Storage/GuardTalk/GrapheneOS-worktree
LIVE_DEVICE_CLAIMED=false
USB_GO=not started
MTP_UNLOCKED_CLAIM=forbidden (getChargingFunctions HOLD)

--- required files ---
PASS: present: vendor/guardtalk/device/komodo/guardtalk-defaults.mk
PASS: present: vendor/guardtalk/device/komodo/init.guardtalk.defaults.rc
PASS: present: vendor/guardtalk/device/komodo/guardtalk-production-hardening.mk
PASS: present: vendor/guardtalk/device/komodo/REGEN_HOOKS.md
PASS: present: vendor/guardtalk/radio-excised/guardtalk-radio-excised.mk
PASS: present: vendor/guardtalk/overlays/GuardTalkSettingsProviderOverlay/Android.bp
PASS: present: vendor/guardtalk/overlays/GuardTalkSettingsProviderOverlay/AndroidManifest.xml
PASS: present: vendor/guardtalk/overlays/GuardTalkSettingsProviderOverlay/res/values/defaults.xml
PASS: present: frameworks/base/services/usb/java/com/android/server/usb/UsbDeviceManager.java

--- packet rg (dataroaming / mtp / bug_report / lock_screen) ---
vendor/guardtalk/overlays/GuardTalkSettingsProviderOverlay/res/values/defaults.xml:5:      Settings.Secure.lock_screen_show_notifications=0 (AOSP default 1).
vendor/guardtalk/overlays/GuardTalkSettingsProviderOverlay/res/values/defaults.xml:6:      DatabaseHelper.loadSecureSettings reads def_lock_screen_show_notifications.
vendor/guardtalk/overlays/GuardTalkSettingsProviderOverlay/res/values/defaults.xml:8:    <integer name="def_lock_screen_show_notifications">0</integer>
vendor/guardtalk/overlays/GuardTalkSettingsProviderOverlay/res/values/defaults.xml:12:      persist.sys.usb.config=none on the user product (not mtp). Does not
vendor/guardtalk/device/komodo/guardtalk-production-hardening.mk:63:# T-REMEDIATE-B5-DEFAULTS (item 24): roaming false, MTP off, bug_report=0,
vendor/guardtalk/device/komodo/guardtalk-production-hardening.mk:64:# lock_screen_show_notifications=0. Overlay props only; su/SPL/AVB unchanged.
vendor/guardtalk/device/komodo/init.guardtalk.defaults.rc:4:# upgrade from a userdebug image that stored mtp / adb in persist.sys.usb.config.
vendor/guardtalk/device/komodo/init.guardtalk.defaults.rc:10:    setprop persist.sys.bug_report 0
vendor/guardtalk/device/komodo/guardtalk-defaults.mk:9:# AOSP full_base_telephony.mk uses ro.com.android.dataroaming?=true. A later
vendor/guardtalk/device/komodo/guardtalk-defaults.mk:11:# persist.sys.usb.config=none on user so the persistent gadget is not mtp.
vendor/guardtalk/device/komodo/guardtalk-defaults.mk:12:# Settings.Secure.lock_screen_show_notifications and UMS defaults land via
vendor/guardtalk/device/komodo/guardtalk-defaults.mk:13:# GuardTalkSettingsProviderOverlay (def_lock_screen_show_notifications=0).
vendor/guardtalk/device/komodo/guardtalk-defaults.mk:14:# Settings.Global.Wearable.bug_report is 0 on user via Build.TYPE; the
vendor/guardtalk/device/komodo/guardtalk-defaults.mk:15:# persist.sys.bug_report=0 marker is the product-visible default.
vendor/guardtalk/device/komodo/guardtalk-defaults.mk:26:    ro.com.android.dataroaming=false
vendor/guardtalk/device/komodo/guardtalk-defaults.mk:31:    persist.sys.bug_report=0
vendor/guardtalk/device/komodo/REGEN_HOOKS.md:126:ro.com.android.dataroaming=false
vendor/guardtalk/device/komodo/REGEN_HOOKS.md:127:persist.sys.usb.config=none          # user only; not mtp
vendor/guardtalk/device/komodo/REGEN_HOOKS.md:128:persist.sys.bug_report=0             # user only
vendor/guardtalk/device/komodo/REGEN_HOOKS.md:131:Overlay: `def_lock_screen_show_notifications=0` (Settings.Secure
vendor/guardtalk/device/komodo/REGEN_HOOKS.md:132:`lock_screen_show_notifications=0`). Do not rewrite USERBUILD su/SPL/AVB.

--- static product wiring ---
PASS: komodo harden includes guardtalk-defaults.mk
PASS: defaults.mk adds GuardTalkSettingsProviderOverlay
PASS: defaults.mk sets ro.com.android.dataroaming=false
PASS: defaults.mk sets persist.sys.usb.config=none
PASS: defaults.mk sets persist.sys.bug_report=0
PASS: usb/bug_report overrides are user-gated
PASS: defaults.mk copies init.guardtalk.defaults.rc
PASS: radio-excised still sets persist.radio.disabled=1
PASS: defaults.mk does not assign persist.radio.disabled
PASS: komodo vendor does not assign dataroaming=true
PASS: defaults.mk does not assign persist.security.usb_mode
PASS: defaults.mk does not rewrite USERBUILD cert stem
PASS: defaults.mk does not rewrite AVB
PASS: defaults.mk does not add su
PASS: overlay Soong name GuardTalkSettingsProviderOverlay
PASS: overlay is product_specific
PASS: overlay is platform-signed
PASS: overlay targets SettingsProvider
PASS: overlay is static
PASS: overlay def_lock_screen_show_notifications=0
PASS: overlay def_usb_mass_storage_enabled=false
PASS: vendor init re-assert is user-only (ro.debuggable=0)
PASS: vendor init re-asserts persist.sys.usb.config none
PASS: vendor init re-asserts persist.sys.bug_report 0
PASS: vendor init does not start RIL

--- python structural rematch ---
PASS: hardening.mk include of defaults.mk present
PASS: dataroaming=false is a live assignment (not comment-only)
PASS: defaults.mk does not assign dataroaming=true
PASS: defaults.mk leaves persist.radio.disabled to radio-excised
PASS: radio-excised still assigns persist.radio.disabled=1
PASS: defaults.mk user gate present
PASS: persist.sys.usb.config=none is inside the user block
PASS: user block does not set persist.sys.usb.config=mtp
PASS: persist.sys.bug_report=0 is inside the user block
PASS: persist.sys.usb.config=none does not leak to all variants
PASS: overlay integer def_lock_screen_show_notifications=0
PASS: overlay does not default lock-screen notifications on
PASS: overlay bool def_usb_mass_storage_enabled=false
PASS: overlay does not enable UMS by default
PASS: init.rc user-only re-assert of persist.sys.usb.config none
PASS: init.rc is setprop-only (no service start)
HOLD: getChargingFunctions() MTP return not found this stamp — still frameworks HOLD; do not claim MTP impossible when unlocked
PY_COUNTS PASS_COUNT=16 FAIL_COUNT=0 HOLD_COUNT=1
PASS: python structural rematch exit 0

--- lunch komodo-trunk_staging-user (independent; do not skip) ---
export BUILD_DATETIME=1782971948 BUILD_NUMBER=eng.openst
============================================
Commands from vendor/google_devices/komodo/cmds-for-envsetup.sh:
export BUILD_ID_komodo="BP4A.260205.002"
unset PLATFORM_SECURITY_PATCH_komodo
============================================
16:36:59 Build sandboxing disabled due to nsjail error.

============================================
PLATFORM_VERSION_CODENAME=Baklava
PLATFORM_VERSION=Baklava
TARGET_PRODUCT=komodo
TARGET_BUILD_VARIANT=user
TARGET_ARCH=arm64
TARGET_ARCH_VARIANT=armv9-a
TARGET_CPU_VARIANT=cortex-a76
HOST_OS=linux
HOST_OS_EXTRA=Linux-6.8.0-138-generic-x86_64-Ubuntu-24.04.4-LTS
BUILD_ID=BP4A.260205.002
PLATFORM_SECURITY_PATCH=2026-02-05
OUT_DIR=out
SOONG_ONLY=false
============================================
PASS: lunch komodo-trunk_staging-user exit 0
16:37:05 Build sandboxing disabled due to nsjail error.
16:37:11 Build sandboxing disabled due to nsjail error.
16:37:17 Build sandboxing disabled due to nsjail error.
16:37:22 Build sandboxing disabled due to nsjail error.
16:37:28 Build sandboxing disabled due to nsjail error.
16:37:37 Build sandboxing disabled due to nsjail error.
PKGS_DUMP_BYTES=35221 COPY_DUMP_BYTES=638659
TARGET_PRODUCT=komodo
TARGET_BUILD_VARIANT=user
TARGET_BUILD_TYPE=release
PASS: TARGET_PRODUCT=komodo
PASS: TARGET_BUILD_VARIANT=user (not userdebug)
PASS: TARGET_BUILD_TYPE=release
PASS: user lunch PRODUCT_PROPERTY_OVERRIDES ro.com.android.dataroaming=false
PASS: user lunch does not set ro.com.android.dataroaming=true
PASS: user lunch PRODUCT_PROPERTY_OVERRIDES persist.sys.usb.config=none
PASS: user lunch does not set persist.sys.usb.config=mtp
PASS: user lunch PRODUCT_PROPERTY_OVERRIDES persist.sys.bug_report=0
PASS: user lunch persist.radio.disabled=1 kept (RIL still excised)
PASS: user PRODUCT_PACKAGES: GuardTalkSettingsProviderOverlay PRESENT
PASS: user PRODUCT_COPY_FILES includes init.guardtalk.defaults.rc
PASS: user PRODUCT_PACKAGES: su and overlay_remounter still ABSENT

--- lunch komodo-trunk_staging-userdebug (sidecar adversarial; not product) ---
============================================
Commands from vendor/google_devices/komodo/cmds-for-envsetup.sh:
export BUILD_ID_komodo="BP4A.260205.002"
unset PLATFORM_SECURITY_PATCH_komodo
============================================
16:37:50 Build sandboxing disabled due to nsjail error.

============================================
PLATFORM_VERSION_CODENAME=Baklava
PLATFORM_VERSION=Baklava
TARGET_PRODUCT=komodo
TARGET_BUILD_VARIANT=userdebug
TARGET_ARCH=arm64
TARGET_ARCH_VARIANT=armv9-a
TARGET_CPU_VARIANT=cortex-a76
HOST_OS=linux
HOST_OS_EXTRA=Linux-6.8.0-138-generic-x86_64-Ubuntu-24.04.4-LTS
BUILD_ID=BP4A.260205.002
PLATFORM_SECURITY_PATCH=2026-02-05
OUT_DIR=out
SOONG_ONLY=false
============================================
16:37:56 Build sandboxing disabled due to nsjail error.
16:38:02 Build sandboxing disabled due to nsjail error.
userdebug TARGET_BUILD_VARIANT=userdebug
PASS: sidecar lunch is userdebug (not product truth)
PASS: sidecar still has ro.com.android.dataroaming=false (all-variant default)
PASS: sidecar does not set persist.sys.usb.config=none (keeps AOSP adb)
PASS: sidecar does not set persist.sys.bug_report=0

--- stale out/ (HOLD, never product FAIL) ---
HOLD: stale out/ product build.prop still ro.com.android.dataroaming=true (m not run; not product FAIL)
HOLD: stale out/ has no persist.sys.usb.config line (not a rebuilt user image)
HOLD: m not run this QA stamp (not a built user image; never device-fixed)

--- frameworks getChargingFunctions (out of this card; HOLD) ---
HOLD: getChargingFunctions MTP path still frameworks HOLD (out of this card); unlocked MTP not claimed impossible
356:        FileDescriptor mtpFd = nativeOpenControl(UsbManager.USB_FUNCTION_MTP);
360:        mControlFds.put(UsbManager.FUNCTION_MTP, mtpFd);
1155:            boolean mtpEnabled = ((mCurrentFunctions & UsbManager.FUNCTION_MTP) != 0);
1236:                return getChargingFunctions();
1564:            return (functions & UsbManager.FUNCTION_MTP) != 0
1620:                if (mCurrentFunctions == UsbManager.FUNCTION_MTP) {
1782:        protected long getChargingFunctions() {
2159:                functions = removeFunction(functions, UsbManager.USB_FUNCTION_MTP);
2174:                functions = UsbManager.usbFunctionsToString(getChargingFunctions());
2209:                        && (containsFunction(functions, UsbManager.USB_FUNCTION_MTP)
2777:        } else if (functions == UsbManager.FUNCTION_MTP) {

--- adb (device HOLD if empty) ---
List of devices attached
HOLD: adb devices empty / no komodo 54111FDAS000GN — device HOLD, never device-fixed

RESULT: PASS (host)  bash_PASS=52 bash_HOLD=5 PY_RC=0
LIVE_DEVICE_CLAIMED=false
STALE_OUT=HOLD
MTP_UNLOCKED=HOLD
DEVICE=HOLD
PASS_HOLD=remains
SUITE_COUNTS name=verify_remediate_b5_defaults_host EXIT=0 PASS=68 FAIL=0 HOLD=6 VERDICT=PASS
======== END verify_remediate_b5_defaults_host ========

======== BEGIN verify_remediate_b5_mtp_host ========
=== Q-REMEDIATE-B5-MTP independent rematch (item 24 residual) ===
ROOT=/mnt/Big-Storage/GuardTalk/GrapheneOS-worktree
LIVE_DEVICE_CLAIMED=false
USB_GO=not started
M_BUILD=not started
FLASH=not started
ONDEVICE_CHARGING_ONLY=HOLD (never invent PASS)
PASS_HOLD=remains

--- required files ---
PASS: present: frameworks/base/services/usb/java/com/android/server/usb/UsbDeviceManager.java
PASS: present: frameworks/base/services/core/java/com/android/server/policy/keyguard/UsbPortSecurityHooks.java
PASS: present: vendor/guardtalk/docs/qa/verify_remediate_b5_defaults_host.sh

--- defaults suite must remain (this card must not overwrite it) ---
PASS: verify_remediate_b5_defaults_host.sh still present (not overwritten)

--- packet rg (UsbDeviceManager getChargingFunctions / mustDenyUsbData) ---
356:        FileDescriptor mtpFd = nativeOpenControl(UsbManager.USB_FUNCTION_MTP);
360:        mControlFds.put(UsbManager.FUNCTION_MTP, mtpFd);
569:        long functions = UsbManager.FUNCTION_NONE;
574:        if (functions != UsbManager.FUNCTION_NONE) {
874:                setSystemProperty(USB_PERSISTENT_CONFIG_PROPERTY, UsbManager.USB_FUNCTION_ADB);
885:            if (mustDenyUsbData()) {
893:        protected boolean mustDenyUsbData() {
894:            return com.android.server.policy.keyguard.UsbPortSecurityHooks
895:                    .mustDenyUsbDataFunctions(mContext);
963:            setEnabledFunctions(UsbManager.FUNCTION_NONE, false, operationId);
1155:            boolean mtpEnabled = ((mCurrentFunctions & UsbManager.FUNCTION_MTP) != 0);
1233:            functions = com.android.server.policy.keyguard.UsbPortSecurityHooks
1235:            if (functions == UsbManager.FUNCTION_NONE) {
1238:            if (isAdbEnabled() && !mustDenyUsbData()) {
1239:                return functions | UsbManager.FUNCTION_ADB;
1268:                                    && mScreenUnlockedFunctions != UsbManager.FUNCTION_NONE) {
1271:                                setEnabledFunctions(UsbManager.FUNCTION_NONE, false, operationId);
1399:                    if (!mScreenLocked && mScreenUnlockedFunctions != UsbManager.FUNCTION_NONE) {
1403:                        setEnabledFunctions(UsbManager.FUNCTION_NONE, false, operationId);
1417:                            setEnabledFunctions(UsbManager.FUNCTION_NONE, false, operationId);
1420:                        if (mScreenUnlockedFunctions != UsbManager.FUNCTION_NONE
1421:                                && mCurrentFunctions == UsbManager.FUNCTION_NONE) {
1431:                        setEnabledFunctions(UsbManager.FUNCTION_NONE, true, operationId);
1473:                        mScreenUnlockedFunctions = UsbManager.FUNCTION_NONE;
1479:                        setEnabledFunctions(UsbManager.FUNCTION_NONE, false, operationId);
1546:                        && mScreenUnlockedFunctions != UsbManager.FUNCTION_NONE) {
1549:                    setEnabledFunctions(UsbManager.FUNCTION_NONE, false, operationId);
1564:            return (functions & UsbManager.FUNCTION_MTP) != 0
1620:                if (mCurrentFunctions == UsbManager.FUNCTION_MTP) {
1782:        protected long getChargingFunctions() {
1784:            if (mustDenyUsbData()) {
1785:                return UsbManager.FUNCTION_NONE;
1790:                return UsbManager.FUNCTION_ADB;
1792:                return UsbManager.FUNCTION_NONE;
1947:                        UsbManager.USB_FUNCTION_NONE);
1950:                            UsbManager.USB_FUNCTION_NONE);
1952:                            getSystemProperty(USB_STATE_PROPERTY, UsbManager.USB_FUNCTION_NONE));
1955:                            UsbManager.USB_FUNCTION_NONE);
1957:                            UsbManager.USB_FUNCTION_NONE).equals(
1958:                            getSystemProperty(USB_STATE_PROPERTY, UsbManager.USB_FUNCTION_NONE));
1960:                mCurrentFunctions = UsbManager.FUNCTION_NONE;
2033:                                    UsbManager.USB_FUNCTION_ADB);
2043:                    String newFunction = addFunction(UsbManager.USB_FUNCTION_NONE,
2044:                            UsbManager.USB_FUNCTION_ADB);
2047:                    setSystemProperty(getPersistProp(false), UsbManager.USB_FUNCTION_NONE);
2121:            if (trySetEnabledFunctions(UsbManager.FUNCTION_NONE, false)) {
2130:            if (trySetEnabledFunctions(UsbManager.FUNCTION_NONE, false)) {
2152:            if (isAdbEnabled() && !mustDenyUsbData()) {
2153:                functions = addFunction(functions, UsbManager.USB_FUNCTION_ADB);
2155:                functions = removeFunction(functions, UsbManager.USB_FUNCTION_ADB);
2158:            if (mustDenyUsbData()) {
2159:                functions = removeFunction(functions, UsbManager.USB_FUNCTION_MTP);
2161:                functions = removeFunction(functions, UsbManager.USB_FUNCTION_ADB);
2168:            if (usbFunctions != UsbManager.FUNCTION_NONE) {
2173:                    .equals(UsbManager.USB_FUNCTION_NONE)) {
2196:                setUsbConfig(UsbManager.USB_FUNCTION_NONE);
2198:                if (!waitForState(UsbManager.USB_FUNCTION_NONE)) {
2209:                        && (containsFunction(functions, UsbManager.USB_FUNCTION_MTP)
2241:            if (UsbManager.USB_FUNCTION_NONE.equals(functions)) {
2261:                return UsbManager.USB_FUNCTION_NONE;
2362:                    mCurrentFunctions = UsbManager.FUNCTION_NONE;
2408:                    setEnabledFunctions(UsbManager.FUNCTION_NONE, false, operationId);
2427:                        mCurrentFunctions = ((Long) msg.obj) & ~UsbManager.FUNCTION_ADB;
2602:                boolean chargingFunctions = functions == UsbManager.FUNCTION_NONE;
2770:        functions = com.android.server.policy.keyguard.UsbPortSecurityHooks
2775:        if (functions == UsbManager.FUNCTION_NONE) {
2777:        } else if (functions == UsbManager.FUNCTION_MTP) {

--- packet rg (UsbPortSecurityHooks.mustDenyUsbDataFunctions) ---
113:    public static boolean mustDenyUsbDataFunctions(Context ctx) {
117:        if (ctx == null) {
126:            return GuardTalkUsbProtectionPolicy.mustDenyUsbData(deviceLocked, userUnlocked);
129:            Slog.e(TAG, "mustDenyUsbDataFunctions: failing closed", t);
140:        if (!mustDenyUsbDataFunctions(ctx)) {
232:        if (mustDenyUsbDataFunctions(context)) {
296:                            && !mustDenyUsbDataFunctions(context)) {
301:                    if (!mustDenyUsbDataFunctions(context)) {
360:            } else if (mustDenyUsbDataFunctions(ctx)) {
391:                                && !mustDenyUsbDataFunctions(ctx)) {
427:        if (PortSecurityState.PORTS_ENABLED.equals(state) && mustDenyUsbDataFunctions(context)) {

--- static Java (rg; not a Backend dump) ---
PASS: getChargingFunctions() present
PASS: mustDenyUsbData() present
PASS: UsbDeviceManager still names UsbPortSecurityHooks
PASS: UsbDeviceManager still names mustDenyUsbDataFunctions
PASS: UsbPortSecurityHooks.mustDenyUsbDataFunctions still present
PASS: mustDenyUsbDataFunctions still null-ctx fail-closed
PASS: mustDenyUsbDataFunctions still catch fail-closed

--- python structural rematch (brace-matched extract; not a dump) ---
GETCHARGINGFUNCTIONS_SPAN L1782-1794 COUNT=1
PASS: exactly one getChargingFunctions() definition
GETCHARGINGFUNCTIONS_BODY
protected long getChargingFunctions() {
            // GuardTalk fail-closed: true charging-only — never promote ADB/MTP while denied.
            if (mustDenyUsbData()) {
                return UsbManager.FUNCTION_NONE;
            }
            // if ADB is enabled, reset functions to ADB
            // else true charging-only (do not promote MTP).
            if (isAdbEnabled()) {
                return UsbManager.FUNCTION_ADB;
            } else {
                return UsbManager.FUNCTION_NONE;
            }
        }
GETCHARGINGFUNCTIONS_RETURNS ['UsbManager.FUNCTION_NONE', 'UsbManager.FUNCTION_ADB', 'UsbManager.FUNCTION_NONE']
PASS: getChargingFunctions() has no return FUNCTION_MTP
PASS: FUNCTION_MTP absent from getChargingFunctions() body (comments stripped)
PASS: getChargingFunctions() calls mustDenyUsbData()
PASS: getChargingFunctions() calls isAdbEnabled()
PASS: mustDenyUsbData() is evaluated before isAdbEnabled()
PASS: mustDenyUsbData() → return UsbManager.FUNCTION_NONE
PASS: isAdbEnabled() → return UsbManager.FUNCTION_ADB
PASS: else → return UsbManager.FUNCTION_NONE (not MTP)
PASS: all getChargingFunctions() returns are FUNCTION_NONE or FUNCTION_ADB
PASS: getChargingFunctions() has exactly three return statements
MUSTDENYUSBDATA_SPAN L893-896 COUNT=1
MUSTDENYUSBDATA_BODY
protected boolean mustDenyUsbData() {
            return com.android.server.policy.keyguard.UsbPortSecurityHooks
                    .mustDenyUsbDataFunctions(mContext);
        }
MUSTDENYUSBDATA_COMPACT protected boolean mustDenyUsbData() { return com.android.server.policy.keyguard.UsbPortSecurityHooks .mustDenyUsbDataFunctions(mContext); }
PASS: exactly one mustDenyUsbData() definition
PASS: mustDenyUsbData() still calls UsbPortSecurityHooks.mustDenyUsbDataFunctions(mContext)
PASS: mustDenyUsbData() does not return constant false
HOOKS_SPAN L113-132 COUNT=1
PASS: exactly one mustDenyUsbDataFunctions definition
PASS: hooks null-ctx still fail-closed (return true)
PASS: hooks catch still fail-closed (return true)
PASS: hooks still delegate to GuardTalkUsbProtectionPolicy.mustDenyUsbData
APPLYADBFUNCTION_SPAN L2145-2164 COUNT=1
PASS: applyAdbFunction still strips USB_FUNCTION_MTP when mustDenyUsbData()
PASS: applyAdbFunction still strips PTP and ADB when denied
ISUSBTRANSFERALLOWED_SPAN L883-890 COUNT=1
PASS: isUsbTransferAllowed still fail-closed on mustDenyUsbData()
PY_COUNTS PASS_COUNT=21 FAIL_COUNT=0 HOLD_COUNT=0
PASS: python structural rematch exit 0

--- adversarial: getChargingFunctions must not return MTP ---
PASS: second-view extract: FUNCTION_MTP absent from getChargingFunctions()

--- stale out/ (HOLD, never product FAIL; m not run) ---
HOLD: stale out/ product build.prop present — not a rebuilt user image (m not run by QA)
HOLD: m not run this QA stamp (gadget image not rebuilt; never device-fixed)

--- adb (gadget HOLD if empty; never invent charging-only PASS) ---
List of devices attached
HOLD: adb devices -l empty / no komodo 54111FDAS000GN — gadget HOLD, never on-device charging-only PASS

RESULT: PASS (host)  bash_PASS=13 bash_HOLD=3 PY_RC=0
LIVE_DEVICE_CLAIMED=false
GADGET=HOLD
ONDEVICE_CHARGING_ONLY=HOLD
PASS_HOLD=remains
M_BUILD=not started
USB_GO=not started
SUITE_COUNTS name=verify_remediate_b5_mtp_host EXIT=0 PASS=34 FAIL=0 HOLD=3 VERDICT=PASS
======== END verify_remediate_b5_mtp_host ========

======== BEGIN verify_remediate_b2_kernel_static ========
=== Q-REMEDIATE-B2-KERNEL independent rematch (item 9) ===
ROOT=/mnt/Big-Storage/GuardTalk/GrapheneOS-worktree
LIVE_DEVICE_CLAIMED=false
Q-ONDEVICE=not started
Q-EXCISE=not started
Q-TELEMETRY=not started
USB_GO=not started
P5_SCRIPT_SOT=false (historical paranoid 3; rematch against 2)

--- required files ---
PASS: present: vendor/guardtalk/init/init.guardtalk.hardening.rc
PASS: present: device/google/caimito-kernels/6.1/guardtalk-security-yama.config
PASS: present: device/google/caimito-kernels/6.1/grapheneos/System.map
PASS: present: device/google/caimito-kernels/6.1/grapheneos/Image.lz4
PASS: present: vendor/guardtalk/feature-excised/guardtalk-feature-excised.mk
PASS: present: vendor/guardtalk/init/Android.bp
PASS: present: vendor/guardtalk/docs/PRODUCTION_HARDENING_POLICY.md

--- live init rc: paranoid 2 (FAIL if 3) ---
PASS: live rc writes perf_event_paranoid 2
PASS: live rc has no perf_event_paranoid 3
PASS: paranoid 2 written twice (late-init + boot_completed)
PASS: late-init writes perf_event_paranoid 2
PASS: boot_completed writes perf_event_paranoid 2

--- bpf=1 boot_completed only (not late-init) ---
PASS: late-init does not write unprivileged_bpf_disabled
PASS: boot_completed writes unprivileged_bpf_disabled 1
PASS: exactly one bpf=1 write (boot_completed only)
PASS: boot_completed property trigger present

--- ptrace_scope=1 remains ---
PASS: late-init writes ptrace_scope 1
PASS: boot_completed writes ptrace_scope 1
PASS: live rc does not raise ptrace_scope to 2

--- modules_disabled must not be set ---
PASS: live rc does not write modules_disabled
PASS: modules_disabled mentioned only as intentionally not set

--- PRODUCT_PACKAGES / Android.bp wiring ---
PASS: Android.bp packages init.guardtalk.hardening.rc
PASS: feature-excised.mk PRODUCT_PACKAGES includes hardening.rc

--- YAMA fragment CONFIG_SECURITY_YAMA=y ---
PASS: fragment has CONFIG_SECURITY_YAMA=y

--- fragment not Makefile-included ---
PASS: no Makefile/Android.mk/Android.bp/*.mk under caimito-kernels/6.1
PASS: fragment not referenced from any Makefile (docs/README only)

--- live System.map LSM list / __lsm_yama ---
86323:ffff80000a328cd0 d __lsm_capability
86325:ffff80000a328d00 d __lsm_selinux
86326:ffff80000a328d30 d __lsm_safesetid_security_init
86327:ffff80000a328d60 d __lsm_integrity
PASS: live System.map LSM set includes capability/selinux/safesetid/integrity
HOLD: live grapheneos/System.map __lsm_yama ABSENT (YAMA not in prebuilt Image)
HOLD: trunk-14096387/System.map __lsm_yama ABSENT (same prebuilt LSM set)

--- Image.lz4 not rewritten ---
Image.lz4 mtime=2026-05-25 09:26:07
fragment mtime=2026-09-16 15:14:55
HOLD: Image.lz4 present (mtime 2026-05-25 09:26:07); fragment newer; not treated as rebuilt

--- historical P5 script is NOT source of truth ---
HOLD: verify_sec_p5_static.sh still asserts paranoid 3 (historical P5; not SoT)
PASS: PRODUCTION_HARDENING_POLICY.md table lists paranoid 2

--- init-perfetto residual (not this card) ---
HOLD: init-perfetto.rc can still write paranoid -1/1/3 (traced/perf_harden; not item 9 SoT)

--- stale out/ copies (m not run) ---
HOLD: stale out/komodo init.guardtalk.hardening.rc still has paranoid 3 until rebuild
HOLD: stale out product rc copies lack bpf=1 (m not run)

--- adb / on-device /proc/sys ---
List of devices attached
HOLD: adb empty; on-device /proc/sys HOLD; Q-ONDEVICE not started

RESULT: PASS (host static)  PASS_COUNT=28 HOLD_COUNT=8 FAIL=0 EXIT=0
LIVE_DEVICE_CLAIMED=false
YAMA_LIVE_IMAGE=HOLD
PROC_SYS=HOLD
DEVICE=HOLD
P5_SCRIPT=HOLD (not SoT)
SUITE_COUNTS name=verify_remediate_b2_kernel_static EXIT=0 PASS=28 FAIL=0 HOLD=8 VERDICT=PASS
======== END verify_remediate_b2_kernel_static ========

======== BEGIN verify_sec_p5_static ========
=== Q-SEC-P5-ACCEPT: production hardening policy + wiring ===
PASS: present: PRODUCTION_HARDENING_POLICY.md
PASS: present: guardtalk-production-hardening.mk
PASS: present: init.guardtalk.hardening.rc
PASS: present: GuardTalkProductionHardeningPolicy
PASS: present: signing-keys RUNBOOK.md
PASS: present: SECURITY_SIGNING_REPORT.md
PASS: hardening policy documents user lunch
PASS: hardening policy documents production_profile
PASS: hardening policy documents ro.debuggable=0 via user variant
PASS: radio-excised looks up per-device production-hardening.mk
PASS: radio-excised tokay fallback production-hardening.mk
PASS: radio-excised includes $( _gt_harden_mk )
PASS: feature-excised packages hardening.rc
PASS: hardening.mk wires ro.guardtalk.production_hardening=1
PASS: hardening.mk wires ro.guardtalk.block_unknown_sources=1
PASS: hardening.mk wires ro.guardtalk.restrict_accessibility_services=1
PASS: hardening.mk wires ro.guardtalk.restrict_display_overlays=1
PASS: hardening.mk wires ro.guardtalk.restrict_dynamic_code=1
PASS: hardening.mk wires ro.guardtalk.selinux_enforcing_required=1
PASS: hardening.mk wires ro.guardtalk.verified_boot_required=1
PASS: hardening.mk wires ro.guardtalk.keymint_required=1
PASS: hardening.mk wires ro.guardtalk.sysctl_hardening=1
PASS: production_profile gated on TARGET_BUILD_VARIANT=user
PASS: hardening.mk sets production_profile=1 on user
PASS: policy PROP_PRODUCTION_HARDENING
PASS: policy PROP_PRODUCTION_PROFILE
PASS: policy isProductionProfile()
PASS: policy isDebuggableOff()
PASS: policy unknown-sources block API
PASS: sysctl kptr_restrict=2
PASS: sysctl dmesg_restrict=1
PASS: sysctl yama ptrace_scope=1
PASS: sysctl kexec_load_disabled=1
PASS: sysctl perf_event_paranoid=2
PASS: live rc has no perf_event_paranoid 3
PASS: present: guardtalk-product-props.mk
PASS: product-props.mk wires ro.guardtalk.files_policy=1
PASS: product-props.mk wires ro.guardtalk.files_trash=1
PASS: product-props.mk wires ro.guardtalk.files_protect_critical=1
PASS: product-props.mk wires ro.guardtalk.privacy_tmpfs=1
PASS: product-props.mk wires ro.guardtalk.clipboard_clear=1
=== Q-SEC-P5-ACCEPT: Security status API / Snapshot / post-unlock ===
PASS: present: SECURITY_STATUS_API.md
PASS: present: GuardTalkSecurityStatus
PASS: present: GuardTalkSecurityStatusAggregator
PASS: present: GuardTalkSecurityStatusKeys
PASS: present: GuardTalkSecurityStatusHelper
PASS: present: GuardTalkSecurityStatusFragment
PASS: present: GuardTalkSecurityStatusPreferenceController
PASS: present: guardtalk_security_status.xml
PASS: SECURITY_STATUS_API documents post-unlock
PASS: SECURITY_STATUS_API forbids Duress leakage
PASS: SECURITY_STATUS_API forbids network under status
PASS: SECURITY_STATUS_API documents productionProfile field
PASS: framework post-unlock gate
PASS: framework gate uses UserManager + KeyguardManager
PASS: Snapshot class present
PASS: Snapshot.postUnlockAllowed
PASS: Snapshot.productionProfile
PASS: Snapshot.debuggableOff
PASS: Snapshot.productionHardening
PASS: Snapshot.blockUnknownSources
PASS: Snapshot.secureWipeAvailable
PASS: Snapshot.filesPolicy
PASS: Snapshot.privacyTmpfs
PASS: Snapshot.denied() for pre-unlock
PASS: framework documents no Duress fields
PASS: framework status has no Duress field identifiers
PASS: Helper has no Duress field identifiers
PASS: Fragment has no Duress field identifiers
PASS: Keys has no Duress field identifiers
PASS: status XML has no Duress preference keys
PASS: Helper exposes post-unlock gate
PASS: Helper.collect aggregates Snapshot
PASS: Fragment gates onCreate/onResume
PASS: Fragment binds passwordOnlyLock
PASS: Fragment binds sensorPrivacyPolicy
PASS: Fragment binds usbProtectionPolicy
PASS: Fragment binds lockdownFailClosed
PASS: Fragment binds auto-reboot fields
PASS: Fragment binds antiBruteforceThreshold
PASS: Fragment binds secureWipeAvailable
PASS: Fragment binds clipboardClear
PASS: Fragment binds privacyTmpfs
PASS: Fragment binds filesPolicy
PASS: Fragment binds productionHardening
PASS: Fragment binds productionProfile
PASS: Fragment binds debuggableOff
PASS: Fragment binds blockUnknownSources
PASS: PreferenceController gates dashboard entry post-unlock
PASS: status XML key guardtalk_status_device_lock
PASS: Keys constant for guardtalk_status_device_lock
PASS: status XML key guardtalk_status_sensor_privacy
PASS: Keys constant for guardtalk_status_sensor_privacy
PASS: status XML key guardtalk_status_usb_protection
PASS: Keys constant for guardtalk_status_usb_protection
PASS: status XML key guardtalk_status_lockdown
PASS: Keys constant for guardtalk_status_lockdown
PASS: status XML key guardtalk_status_auto_reboot
PASS: Keys constant for guardtalk_status_auto_reboot
PASS: status XML key guardtalk_status_anti_bruteforce
PASS: Keys constant for guardtalk_status_anti_bruteforce
PASS: status XML key guardtalk_status_secure_wipe
PASS: Keys constant for guardtalk_status_secure_wipe
PASS: status XML key guardtalk_status_clipboard
PASS: Keys constant for guardtalk_status_clipboard
PASS: status XML key guardtalk_status_privacy_tmpfs
PASS: Keys constant for guardtalk_status_privacy_tmpfs
PASS: status XML key guardtalk_status_files
PASS: Keys constant for guardtalk_status_files
PASS: status XML key guardtalk_status_hardening
PASS: Keys constant for guardtalk_status_hardening
PASS: status XML key guardtalk_status_footer
PASS: Keys constant for guardtalk_status_footer
PASS: status XML comment forbids Duress
PASS: status XML comment forbids network rows
PASS: Security status XML has no network/wifi/vpn/hotspot/airplane keys
PASS: Security dashboard has no network/wifi/vpn/hotspot/airplane keys
=== Q-SEC-P5-ACCEPT: Phase-5 closeout (wipe / fail-closed / QS / Contacts / privacy-files) ===
PASS: present: SECURE_WIPE_SERVICE.md
PASS: present: DURESS_AND_ANTI_BRUTEFORCE_POLICY.md
PASS: present: USB_PROTECTION_POLICY.md
PASS: present: PASSWORD_ONLY_LOCK_POLICY.md
PASS: present: QS_TILES_POLICY.md
PASS: present: QS_EDITOR_UI_NOTES.md
PASS: present: CONTACTS_UI_SUPPRESSION.md
PASS: present: PRIVACY_TMPFS_CLIPBOARD_POLICY.md
PASS: present: FILES_HANDLERS_POLICY.md
PASS: present: GuardTalkSecureWipePolicy
PASS: wipe service doc covers SecureWipe / fail-closed
PASS: Duress/anti-bruteforce policy present
PASS: USB policy fail-closed language
PASS: QS policy documents four Phase-3 tiles
PASS: Contacts UI suppression policy present
PASS: privacy tmpfs/clipboard policy present
PASS: files handlers policy present
PASS: GuardTalkSecureWipePolicy API present
=== Q-SEC-P5-ACCEPT: vendor/system build.prop (if regenerable) ===
PASS: vendor/build.prop has ro.guardtalk.production_hardening=1
PASS: vendor/build.prop has ro.guardtalk.block_unknown_sources=1
PASS: vendor/build.prop has ro.guardtalk.sysctl_hardening=1
PASS: vendor/build.prop has ro.guardtalk.files_policy=1
PASS: vendor/build.prop has ro.guardtalk.privacy_tmpfs=1
PASS: vendor/build.prop has ro.guardtalk.clipboard_clear=1
PASS: GAP: production_profile absent in vendor/build.prop (userdebug image or refresh needed)
PASS: GAP: system/build.prop ro.debuggable=1 (userdebug staging image)
=== Q-SEC-P5-ACCEPT: Messenger APK present (T-REMEDIATE-B4-MESSENGER) + adb gaps ===
PASS: GuardTalkMessenger Soong module present (P4 GAP closed)
PASS: manifest package com.guardtalk.messenger
PASS: GAP: adb devices empty — runtime smoke deferred (documented)
=== Q-SEC-P5-ACCEPT: Phase-5 prior APPROVED cites ===
PASS: cite APPROVED: T-SEC-P5-HARDEN
PASS: cite APPROVED: T-SEC-P5-STATUS
PASS: cite APPROVED: F-SEC-P5-STATUS-UI
PASS: root TASK_QUEUE records Phase-5 EXIT=0 / green builds
=== Q-SEC-P5-ACCEPT: regression — invoke verify_sec_p{1,2,3,4}_static.sh ===
--- running vendor/guardtalk/docs/qa/verify_sec_p1_static.sh ---
PASS: Dev Options unlock blocked (UI) (config_guardtalk_block_developer_options_unlock=true)
PASS: BuildNumber taps consult Dev Options block (UI)
PASS: Contacts UI hide bool (cross-check Q-CONTACTS) (config_guardtalk_hide_contacts_ui=true)
PASS: GuardTalkContactsVisibility present (cross-check Q-CONTACTS)
SOME CHECKS FAILED
HOLD: regression p1 EXIT=1 (pre-existing GT_CONFIG_WRITE vs live ungated browse; not Q-P5SCRIPT SoT)
--- running vendor/guardtalk/docs/qa/verify_sec_p2_static.sh ---
PASS: prior green build signal: review-F-SEC-P2-SECURITY-SCREENS.json
PASS: DONE_LOG cites Phase-2 USB/WIPE/build chain
=== SUMMARY ===
ALL STATIC CHECKS PASSED
PASS_COUNT=95 FAIL_COUNT=0 EXIT=0
PASS: regression p2 GO (PASS_COUNT=95 EXIT=0)
--- running vendor/guardtalk/docs/qa/verify_sec_p3_static.sh ---
PASS: policy/editor docs document m SystemUI verification
PASS: root TASK_QUEUE records Phase-3 SystemUI/overlay EXIT=0
=== SUMMARY ===
ALL STATIC CHECKS PASSED
PASS_COUNT=62 FAIL_COUNT=0 EXIT=0
PASS: regression p3 GO (PASS_COUNT=62 EXIT=0)
--- running vendor/guardtalk/docs/qa/verify_sec_p4_static.sh ---
PASS: root TASK_QUEUE records Phase-4 EXIT=0 / green builds
PASS: Phase-4 policy docs include verification / build notes
=== SUMMARY ===
ALL STATIC CHECKS PASSED
PASS_COUNT=120 FAIL_COUNT=0 EXIT=0
PASS: regression p4 GO (PASS_COUNT=120 EXIT=0)
=== SUMMARY ===
ALL STATIC CHECKS PASSED
PASS_COUNT=153 HOLD_COUNT=1 FAIL_COUNT=0 EXIT=0
SUITE_COUNTS name=verify_sec_p5_static EXIT=0 PASS=163 FAIL=0 HOLD=1 VERDICT=PASS
======== END verify_sec_p5_static ========

======== BEGIN verify_brand_sweep_static ========
PASS: VALUE-side GrapheneOS = 0 (rg >GrapheneOS<|>grapheneos< on overlay/SUW strings)
PASS: strict string-body GrapheneOS = 0 (overlays + SUW)
PASS: bootanimation.zip present (vendor/guardtalk/branding/bootanimation/bootanimation.zip)
PASS: bootanimation.zip md5 == c9e027553e2d09bd401f63c8bc1a4070 (product 1008×2244 pin)
PASS: bootanimation-dark.zip md5=7ba676c5704c6e6ab962fb34cc6590ef != product pin (1080 dark zip OK; not PRODUCT_COPY; not product FAIL)
PASS: feature-excised.mk uses PRODUCT_DEVICE theme path
PASS: feature-excised.mk not tokay-hardcoded for theme
PASS: tokay wrapper includes shared branding/guardtalk-theme.mk
PASS: akita wrapper includes shared branding/guardtalk-theme.mk
PASS: guardtalk-theme.mk wires PRODUCT media bootanimation.zip
PASS: guardtalk-theme.mk dark-zip filter present
PASS: SUW grapheneos_icon.xml deleted
PASS: Settings about_settings_summary GuardTalkOS
PASS: Settings overlay about_settings_summary GuardTalkOS
PASS: ic_guardtalk_logo present (Settings + overlay)
PASS: MyDeviceInfoFragment uses ic_guardtalk_logo
PASS: GuardTalkLauncherOverlay ic_launcher_home present
HOLD: out/tokay product/media/bootanimation.zip md5=7ba676c5704c6e6ab962fb34cc6590ef (live source c9e027553e2d09bd401f63c8bc1a4070; stale out — not product FAIL)
HOLD: out/akita product/media/bootanimation.zip md5=7ba676c5704c6e6ab962fb34cc6590ef (live source c9e027553e2d09bd401f63c8bc1a4070; stale out — not product FAIL)
HOLD: adb empty — device boot smoke HOLD (artifact inspection used)
PASS: documented residual resource names *_grapheneos* count=12 (values GuardTalkOS; justified)

PASS_COUNT=18 HOLD_COUNT=3 FAIL=0
ALL STATIC CHECKS PASSED
SUITE_COUNTS name=verify_brand_sweep_static EXIT=0 PASS=18 FAIL=0 HOLD=3 VERDICT=PASS
======== END verify_brand_sweep_static ========

=== FLASH_READY predicates (independent; do not invent true) ===
HOLD: avb.pem ABSENT at in-tree stem vendor/guardtalk/branding/signing-keys/avb.pem
HOLD: avb.pem ABSENT at secure stem /mnt/secure/keys/guardtalk/avb.pem
HOLD: /mnt/secure missing
PRED_B pem=false
HOLD: out/target/product/komodo/system/build.prop ro.build.type=userdebug
HOLD: out/target/product/komodo/product/etc/build.prop ro.build.type=userdebug
HOLD: xbin su PRESENT out/target/product/komodo/system/xbin/su
-rwxr-xr-x+ 1 oss-c1 oss-c1 51464 Sep 15 04:58 out/target/product/komodo/system/xbin/su
HOLD: xbin overlay_remounter PRESENT out/target/product/komodo/system/xbin/overlay_remounter
-rwxr-xr-x+ 1 oss-c1 oss-c1 613776 Sep 15 04:58 out/target/product/komodo/system/xbin/overlay_remounter
PRED_C user_out=false (need ro.build.type=user and no xbin su/overlay_remounter)
--- adb devices -l ---
List of devices attached
HOLD: adb devices empty — not device-fixed; on-device working not invented
PRED_A suites_exit0_fail0=false

=== FLASHREADY TABLE ===
SUITE                                        EXIT   PASS   FAIL   HOLD VERDICT
--------------------------------------------------------------------------------
verify_remediate_b1_avb_host                    1     60      4      5 FAIL
verify_remediate_b1_duress_usb_host             0     60      0      4 PASS
verify_remediate_b1_userbuild_host              0     67      0      6 PASS
verify_remediate_b2_apex_host                   0     48      0      9 PASS
verify_remediate_b2_excise_host                 0     86      0      7 PASS
verify_remediate_b2_lms_host                    0     37      0      4 PASS
verify_remediate_b2_ltz_host                    0     47      0      5 PASS
verify_remediate_b2_telemetry_host              0     72      0      5 PASS
verify_remediate_b2_yama_host                   0     20      0      9 PASS
verify_remediate_b3_sensors_host                0     82      0      5 PASS
verify_remediate_b3_validator_host              0     79      0      5 PASS
verify_remediate_b3_viewer_host                 0     93      0      4 PASS
verify_remediate_b4_checkin_host                0     60      0      4 PASS
verify_remediate_b4_messenger_host              0     38      0      4 PASS
verify_remediate_b4_messenger_ux_host           0     61      0      4 PASS
verify_remediate_b4_wifi_gw_host                0     89      0     10 PASS
verify_remediate_b5_bootzip_host                0     41      0      4 PASS
verify_remediate_b5_branding_host               0     32      0      3 PASS
verify_remediate_b5_defaults_host               0     68      0      6 PASS
verify_remediate_b5_mtp_host                    0     34      0      3 PASS
verify_remediate_b2_kernel_static               0     28      0      8 PASS
verify_sec_p5_static                            0    163      0      1 PASS
verify_brand_sweep_static                       0     18      0      3 PASS
--------------------------------------------------------------------------------
FLASH_READY                                     -      -      -      - false (FAIL)
PRED_A (suites EXIT=0 FAIL=0)=false
PRED_B (avb.pem exists)=false
PRED_C (out user + no xbin su)=false
FLASH_READY=false
LIVE_DEVICE_CLAIMED=false
PASS_HOLD=remains
M_BUILD=not started
USB_GO=not started
ONDEVICE=not started
RESULT: FAIL (one or more host suites EXIT!=0 or FAIL>0); FLASH_READY=false
